id,name,modified,comics_available,series_available,stories_available,events_available
1011334,3-D Man,2014-04-29T14:18:17-0400,12,3,21,1
1017100,A-Bomb (HAS),2013-09-18T15:54:04-0400,4,2,7,0
1009144,A.I.M.,2013-10-17T14:41:30-0400,53,36,57,0
1010699,Aaron Stack,1969-12-31T19:00:00-0500,14,3,27,0
1009146,Abomination (Emil Blonsky),2012-03-20T12:32:12-0400,58,28,68,1
1016823,Abomination (Ultimate),2012-07-10T19:11:52-0400,2,2,3,0
1009148,Absorbing Man,2016-05-25T12:04:23-0400,104,53,117,5
1009149,Abyss,2014-04-29T14:10:43-0400,8,3,8,1
1010903,Abyss (Age of Apocalypse),1969-12-31T19:00:00-0500,3,3,2,1
1011266,Adam Destine,1969-12-31T19:00:00-0500,0,0,0,0
1010354,Adam Warlock,2016-05-05T15:34:56-0400,202,89,232,8
1010846,Aegis (Trey Rollins),1969-12-31T19:00:00-0500,0,0,0,0
1017851,Aero (Aero),2021-08-27T17:52:34-0400,29,5,29,0
1012717,Agatha Harkness,2021-08-06T11:30:56-0400,26,15,31,0
1011297,Agent Brand,2013-10-24T13:09:30-0400,35,9,39,0
1011031,Agent X (Nijo),1969-12-31T19:00:00-0500,18,3,23,0
1009150,Agent Zero,1969-12-31T19:00:00-0500,29,10,31,0
1011198,Agents of Atlas,2016-02-03T10:25:22-0500,45,13,52,1
1011175,Aginar,1969-12-31T19:00:00-0500,0,0,0,0
1011136,Air-Walker (Gabriel Lan),2024-09-24T11:11:31-0400,4,3,3,1
1011176,Ajak,1969-12-31T19:00:00-0500,4,1,8,1
1010870,Ajaxis,1969-12-31T19:00:00-0500,0,0,0,0
1011194,Akemi,1969-12-31T19:00:00-0500,0,0,0,0
1011170,Alain,1969-12-31T19:00:00-0500,0,0,0,0
1009240,Albert Cleary,1969-12-31T19:00:00-0500,0,0,0,0
1011120,Albion,1969-12-31T19:00:00-0500,1,1,1,0
1010836,Alex Power,2011-10-27T09:57:58-0400,21,7,28,0
1010755,Alex Wilder,1969-12-31T19:00:00-0500,9,4,9,0
1011214,Alexa Mendez,1969-12-31T19:00:00-0500,0,0,0,0
1009497,Alexander Pierce,1969-12-31T19:00:00-0500,1,1,1,0
1014990,Alice,2010-11-18T16:01:44-0500,0,0,0,0
1009435,Alicia Masters,2010-11-04T15:22:16-0400,78,22,102,2
1010370,Alpha Flight,2016-05-05T14:39:01-0400,224,46,393,7
1011324,Alpha Flight (Ultimate),1969-12-31T19:00:00-0500,2,1,4,0
1011164,Alvin Maker,1969-12-31T19:00:00-0500,0,0,0,0
1011227,Amadeus Cho,2013-08-07T13:50:56-0400,150,35,176,5
1009567,Amanda Sefton,1969-12-31T19:00:00-0500,7,2,7,0
1011382,Amazoness,1969-12-31T19:00:00-0500,0,0,0,0
1011361,American Eagle (Jason Strongbow),1969-12-31T19:00:00-0500,6,2,6,0
1009151,Amiko,1969-12-31T19:00:00-0500,12,3,12,1
1010672,Amora,1969-12-31T19:00:00-0500,13,4,8,0
1010673,Amphibian (Earth-712),1969-12-31T19:00:00-0500,4,3,3,0
1010905,Amun,1969-12-31T19:00:00-0500,0,0,0,0
1009152,Ancient One,1969-12-31T19:00:00-0500,30,11,34,2
1016824,Ancient One (Ultimate),2012-07-10T19:15:49-0400,2,2,1,0
1011684,Angel (Angel Salvadore),2021-08-19T00:06:46-0400,5,4,3,0
1011396,Angel (Thomas Halloway),2014-03-05T13:14:48-0500,10,5,9,0
1011338,Angel (Ultimate),2014-03-05T13:15:49-0500,19,3,33,0
1009153,Angel (Warren Worthington III),2012-05-30T14:06:57-0400,119,49,125,5
1017574,Angela (Aldrif Odinsdottir),2014-11-17T17:45:37-0500,38,16,38,1
1010674,Anita Blake,2004-04-14T00:00:00-0400,9,1,49,0
1009346,Anne Marie Hoag,1969-12-31T19:00:00-0500,0,0,0,0
1009154,Annihilus,2013-11-20T17:06:36-0500,66,31,83,1
1011301,Anole,1969-12-31T19:00:00-0500,10,6,10,0
1010802,Ant-Man (Eric O'Grady),2016-03-07T14:35:42-0500,45,14,44,7
1009155,Ant-Man (Hank Pym),2021-08-05T15:11:25-0400,43,29,46,2
1010801,Ant-Man (Scott Lang),2017-01-31T11:03:40-0500,138,60,161,2
1011208,Anthem,1969-12-31T19:00:00-0500,11,2,20,1
1009156,Apocalypse,2014-05-28T12:41:41-0400,134,62,136,6
1011253,Apocalypse (Ultimate),1969-12-31T19:00:00-0500,3,1,6,0
1010866,Aqueduct,1969-12-31T19:00:00-0500,0,0,0,0
1010773,Arachne,2013-10-24T13:07:59-0400,6,2,8,1
1017438,Ara√±a,2016-03-07T14:41:37-0500,27,10,25,0
1009158,Arcade,1969-12-31T19:00:00-0500,35,25,35,2
1010686,Arcana,1969-12-31T19:00:00-0500,2,2,1,0
1009159,Archangel,2013-10-18T12:48:24-0400,563,141,624,19
1009160,Arclight,1969-12-31T19:00:00-0500,14,5,14,3
1010784,Ares,2014-04-29T14:50:59-0400,64,31,75,5
1011275,Argent,1969-12-31T19:00:00-0500,0,0,0,0
1011012,Armadillo,1969-12-31T19:00:00-0500,1,1,2,0
1011298,Armor (Hisako Ichiki),2012-03-07T17:26:33-0500,31,13,31,0
1010827,Armory,1969-12-31T19:00:00-0500,1,1,2,1
1009740,Arnim Zola,2012-03-20T12:33:28-0400,23,10,25,2
1010748,Arsenic,1969-12-31T19:00:00-0500,0,0,0,0
1009161,Artiee,2011-10-27T09:59:16-0400,0,0,0,0
1010718,Asgardian,1969-12-31T19:00:00-0500,0,0,0,0
1009162,Askew-Tronics,1969-12-31T19:00:00-0500,0,0,0,0
1010835,Asylum,1969-12-31T19:00:00-0500,0,0,0,0
1010336,Atlas (Team),1969-12-31T19:00:00-0500,8,5,6,0
1011758,Attuma,2021-08-27T21:46:12-0400,49,23,55,1
1009163,Aurora,2011-05-10T15:56:51-0400,84,18,96,4
1009164,Avalanche,2010-11-05T14:30:34-0400,48,21,55,7
1009165,Avengers,2020-07-21T10:29:09-0400,2278,707,3114,32
1015239,Avengers (Ultimate),2012-07-10T19:18:28-0400,39,11,33,0
1011766,Azazel (Mutant),2011-06-09T11:04:52-0400,7,5,8,0
1011456,Balder,2021-08-13T00:06:18-0400,100,29,124,3
1009168,Banshee,2013-11-01T16:27:08-0400,190,54,213,10
1009596,Banshee (Theresa Rourke),2011-03-23T17:37:27-0400,156,32,178,6
1011778,Baron Mordo (Karl Mordo),2021-08-12T22:48:49-0400,23,13,24,1
1009169,Baron Strucker,2012-03-20T12:30:55-0400,48,21,55,1
1009170,Baron Zemo (Heinrich Zemo),2017-08-24T12:46:19-0400,37,24,40,1
1010906,Baron Zemo (Helmut Zemo),2011-02-24T13:21:20-0500,36,18,38,0
1011137,Baroness S'Bak,1969-12-31T19:00:00-0500,1,1,1,1
1011354,Barracuda,1969-12-31T19:00:00-0500,4,3,5,0
1009550,Bart Rozum,1969-12-31T19:00:00-0500,2,1,2,0
1009171,Bastion,2013-10-24T13:07:45-0400,37,21,37,2
1009172,Batroc the Leaper,2011-03-03T11:45:12-0500,31,16,37,0
1009173,Battering Ram,1969-12-31T19:00:00-0500,2,2,2,0
1011785,Battlestar,2021-08-12T23:47:13-0400,9,4,16,1
1009174,Beak,2011-06-01T16:04:59-0400,17,5,18,1
1009175,Beast,2014-01-13T14:48:32-0500,835,223,929,30
1010909,Beast (Earth-311),1969-12-31T19:00:00-0500,0,0,0,0
1010908,Beast (Ultimate),2014-03-05T13:19:55-0500,49,10,90,0
1009176,Becatron,1969-12-31T19:00:00-0500,0,0,0,0
1009177,Bedlam,1969-12-31T19:00:00-0500,8,6,7,0
1009178,Beef,1969-12-31T19:00:00-0500,1,1,1,0
1009179,Beetle (Abner Jenkins),2013-02-19T14:47:38-0500,20,12,26,2
1011793,Belasco,2021-08-27T18:00:45-0400,2,1,4,0
1009329,Ben Grimm,2011-03-18T12:27:31-0400,48,20,69,1
1009489,Ben Parker,1969-12-31T19:00:00-0500,21,10,25,0
1011346,Ben Reilly,1969-12-31T19:00:00-0500,29,12,30,0
1010782,Ben Urich,1969-12-31T19:00:00-0500,54,28,60,4
1010829,Bengal,2013-10-24T13:01:00-0400,9,3,10,3
1009180,Beta-Ray Bill,2013-10-17T14:41:43-0400,55,27,60,3
1011907,Bethany Cabe,2021-08-27T18:12:40-0400,24,4,42,0
1010325,Betty Brant,1969-12-31T19:00:00-0500,26,14,30,1
1009548,Betty Ross,2011-10-31T15:42:18-0400,70,18,118,1
1011138,Beyonder,2016-06-16T14:41:42-0400,26,14,25,2
1011296,Bi-Beast,2011-05-24T16:45:33-0400,0,0,2,0
1010843,Big Bertha,1969-12-31T19:00:00-0500,7,4,7,0
1009181,Big Wheel,2012-12-27T15:37:56-0500,2,2,2,0
1011262,Bill Hollister,1969-12-31T19:00:00-0500,0,0,0,0
1009182,Bishop,2013-10-23T12:43:10-0400,317,74,401,8
1011224,Bishop (Ultimate),1969-12-31T19:00:00-0500,1,1,1,0
1009183,Black Bird,1969-12-31T19:00:00-0500,0,0,0,0
1009184,Black Bolt,2016-05-26T09:25:22-0400,163,73,176,10
1017330,Black Bolt (Marvel War of Heroes),2013-09-18T11:01:06-0400,0,0,0,0
1009185,Black Cat,2016-03-07T10:00:52-0500,249,91,277,5
1010910,Black Cat (Ultimate),2011-01-24T15:26:46-0500,6,3,6,0
1010859,Black Crow,1969-12-31T19:00:00-0500,1,1,2,0
1011809,Black Knight (Dane Whitman),2021-08-04T12:06:58-0400,85,25,86,1
1009186,Black Knight (Sir Percy of Scandia),1969-12-31T19:00:00-0500,107,58,107,3
1009187,Black Panther,2018-06-19T16:39:46-0400,769,261,991,17
1017838,Black Panther (Shuri),2021-08-05T15:15:10-0400,62,22,65,0
1011130,Black Panther (Ultimate),2014-03-05T13:19:46-0500,15,5,18,0
1010356,Black Queen,2011-09-01T18:28:49-0400,2,2,2,0
1010687,Black Tarantula,1969-12-31T19:00:00-0500,23,10,27,1
1009188,Black Tom,1969-12-31T19:00:00-0500,19,10,18,1
1009189,Black Widow,2016-01-04T18:09:26-0500,637,244,723,16
1017296,Black Widow (LEGO Marvel Super Heroes),2013-09-18T11:15:15-0400,0,0,0,0
1010911,Black Widow (Ultimate),2014-03-05T13:19:36-0500,18,10,18,0
1011498,Black Widow (Yelena Belova),2021-08-04T10:52:20-0400,25,10,25,0
1017109,Black Widow/Natasha Romanoff (MAA),2015-07-06T18:22:53-0400,1,1,1,0
1009190,Blackheart,2012-09-14T21:20:11-0400,12,6,12,0
1010881,Blacklash,1969-12-31T19:00:00-0500,5,4,6,0
1011349,Blackout,1969-12-31T19:00:00-0500,5,4,8,0
1009191,Blade,2013-10-04T18:29:21-0400,152,67,166,3
1009195,Blastaar,2013-10-24T13:07:25-0400,37,23,48,3
1010830,Blazing Skull,2011-01-31T17:40:47-0500,3,3,3,0
1011291,Blindfold,1969-12-31T19:00:00-0500,25,9,25,0
1011836,Bling!,2021-08-19T00:12:01-0400,15,6,15,0
1009197,Blink,2011-11-14T15:18:17-0500,63,23,67,3
1009198,Blizzard,1969-12-31T19:00:00-0500,14,9,17,1
1009199,Blob,2011-02-09T17:31:11-0500,78,33,81,7
1011132,Blob (Ultimate),1969-12-31T19:00:00-0500,14,4,23,0
1009200,Blockbuster,1969-12-31T19:00:00-0500,12,8,11,2
1009201,Blok,1969-12-31T19:00:00-0500,6,2,5,0
1009202,Bloke,1969-12-31T19:00:00-0500,3,2,2,0
1011416,Blonde Phantom,2011-09-07T16:35:07-0400,18,3,28,0
1011073,Bloodaxe,1969-12-31T19:00:00-0500,5,1,6,0
1009203,Bloodscream,1969-12-31T19:00:00-0500,5,2,6,0
1009204,Bloodstorm,1969-12-31T19:00:00-0500,23,6,25,0
1010850,Bloodstrike,1969-12-31T19:00:00-0500,0,0,0,0
1011113,Blue Blade,2011-11-07T15:42:10-0500,1,1,1,0
1011339,Blue Marvel,2016-02-01T16:10:26-0500,40,12,45,5
1011264,Blue Shield,1969-12-31T19:00:00-0500,1,1,1,0
1010688,Blur,1969-12-31T19:00:00-0500,3,3,3,0
1011119,"Bob, Agent of Hydra",2016-02-04T12:11:37-0500,7,6,8,1
1010366,Boom Boom,1969-12-31T19:00:00-0500,75,22,82,7
1009205,Boomer,1969-12-31T19:00:00-0500,62,12,73,2
1010371,Boomerang,2014-01-27T16:28:50-0500,45,26,49,2
1009206,Box,1969-12-31T19:00:00-0500,7,3,10,0
1011236,Bride of Nine Spiders (Immortal Weapons),2011-05-26T17:53:05-0400,10,2,14,1
1014981,Bromley,2010-11-18T15:53:49-0500,0,0,0,0
1009208,Brood,2013-10-17T14:53:39-0400,56,20,57,3
1011090,Brother Voodoo,2016-07-26T13:04:55-0400,17,12,17,1
1009209,Brotherhood of Evil Mutants,2014-06-16T10:40:40-0400,37,16,41,0
1014973,Brotherhood of Mutants (Ultimate),2012-07-10T19:23:41-0400,13,4,19,0
1009167,Bruce Banner,2012-01-14T21:29:21-0500,127,31,178,7
1009210,Brute,1969-12-31T19:00:00-0500,10,6,8,1
1009211,Bucky,2012-01-01T14:19:35-0500,84,38,100,1
1011038,Bug,1969-12-31T19:00:00-0500,3,3,6,1
1010887,Bulldozer,1969-12-31T19:00:00-0500,7,4,8,0
1009212,Bullseye,2016-02-03T16:49:50-0500,131,62,146,4
1009213,Bushwacker,1969-12-31T19:00:00-0500,12,8,13,1
1011101,Butterfly,1969-12-31T19:00:00-0500,8,1,9,0
1009214,Cable,2016-03-28T12:36:31-0400,458,127,627,12
1017317,Cable (Deadpool),2013-09-18T11:09:40-0400,40,11,32,2
1017307,Cable (Marvel: Avengers Alliance),2013-09-18T10:17:39-0400,0,0,0,0
1011252,Cable (Ultimate),2014-03-05T13:17:31-0500,2,1,4,0
1017472,Cable (X-Men: Battle of the Atom),2014-01-15T19:37:30-0500,0,0,0,0
1011209,Calamity,1969-12-31T19:00:00-0500,11,2,20,1
1009216,Caliban,2013-12-26T15:01:09-0500,73,17,78,6
1009217,Callisto,1969-12-31T19:00:00-0500,38,10,35,2
1010912,Callisto (Age of Apocalypse),2014-04-29T14:14:52-0400,1,1,1,1
1009218,Calypso,1969-12-31T19:00:00-0500,6,3,6,1
1011139,Cammi,1969-12-31T19:00:00-0500,4,3,4,1
1009219,Cannonball,2013-07-01T12:49:17-0400,300,84,332,12
1011276,Cap'n Oz,1969-12-31T19:00:00-0500,0,0,0,0
1009220,Captain America,2020-04-04T19:01:59-0400,2520,724,3699,30
1010914,Captain America (House of M),2014-03-05T13:17:50-0500,3,3,2,1
1017295,Captain America (LEGO Marvel Super Heroes),2013-09-18T11:15:29-0400,0,0,0,0
1017327,Captain America (Marvel War of Heroes),2013-09-18T11:00:38-0400,0,0,0,0
1017575,Captain America (Sam Wilson),2016-06-23T16:15:04-0400,86,36,86,2
1010913,Captain America (Ultimate),2014-03-05T13:17:57-0500,75,31,89,0
1017105,Captain America/Steve Rogers (MAA),2015-07-06T18:42:40-0400,0,0,0,0
1009223,Captain Britain,2016-02-01T14:12:29-0500,180,56,244,8
1017856,Captain Britain (Betsy Braddock),2021-08-05T18:54:18-0400,37,4,37,0
1010915,Captain Britain (Ultimate),1969-12-31T19:00:00-0500,3,1,4,0
1011190,Captain Cross,1969-12-31T19:00:00-0500,0,0,0,0
1011196,Captain Flint,1969-12-31T19:00:00-0500,0,0,0,0
1010338,Captain Marvel (Carol Danvers),2020-07-21T10:33:02-0400,641,215,742,15
1011096,Captain Marvel (Genis-Vell),1969-12-31T19:00:00-0500,70,7,98,1
1009224,Captain Marvel (Mar-Vell),2013-10-17T14:53:19-0400,201,75,294,6
1011095,Captain Marvel (Monica Rambeau),2016-06-16T14:25:15-0400,38,17,38,1
1011097,Captain Marvel (Phyla-Vell),1969-12-31T19:00:00-0500,18,3,26,0
1011355,Captain Midlands,1969-12-31T19:00:00-0500,0,0,0,0
1009225,Captain Stacy,1969-12-31T19:00:00-0500,10,4,8,0
1011027,Captain Universe,2013-02-20T16:38:12-0500,22,14,30,2
1011052,Cardiac,1969-12-31T19:00:00-0500,10,4,10,1
1010143,Caretaker,1969-12-31T19:00:00-0500,4,2,4,1
1009226,Cargill,1969-12-31T19:00:00-0500,1,1,1,0
1011258,Carlie Cooper,2011-09-08T16:50:58-0400,69,3,93,1
1009688,Carmella Unuscione,1969-12-31T19:00:00-0500,11,3,11,1
1009227,Carnage,2016-02-18T12:28:26-0500,183,88,194,2
1010916,Carnage (Ultimate),1969-12-31T19:00:00-0500,7,3,9,0
1009261,Carol Danvers,2012-06-06T15:38:57-0400,31,15,33,3
1009344,Carol Hines,1969-12-31T19:00:00-0500,0,0,0,0
1011937,Carrion (Malcolm McBride),2021-08-18T22:59:28-0400,6,2,6,0
1009478,Cassandra Nova,1969-12-31T19:00:00-0500,14,7,13,0
1009230,Catseye,1969-12-31T19:00:00-0500,1,1,1,0
1009536,Cecilia Reyes,2010-11-18T11:57:51-0500,25,10,28,2
1010813,Celestials,1969-12-31T19:00:00-0500,26,14,29,2
1011039,Centennial,1969-12-31T19:00:00-0500,12,1,24,0
1011140,Centurions,1969-12-31T19:00:00-0500,0,0,0,0
1009231,Cerebro,1969-12-31T19:00:00-0500,7,4,8,1
1011141,Cerise,2024-07-24T10:54:55-0400,4,1,4,0
1009232,Ch'od,1969-12-31T19:00:00-0500,39,14,34,2
1009233,Chamber,2011-05-27T13:35:17-0400,60,18,60,1
1009234,Chameleon,1969-12-31T19:00:00-0500,44,21,47,2
1010756,Champions,1969-12-31T19:00:00-0500,47,28,49,1
1011015,Changeling,1969-12-31T19:00:00-0500,0,0,0,0
1009733,Charles Xavier,1969-12-31T19:00:00-0500,92,43,101,4
1011331,Charlie Campion,1969-12-31T19:00:00-0500,0,0,0,0
1012019,Charlie-27,2021-08-27T18:07:53-0400,40,4,61,0
1010754,Chase Stein,2012-02-27T13:45:52-0500,16,8,15,1
1011359,Chat,2010-11-30T15:45:40-0500,0,0,0,0
1009237,Chimera,2013-07-24T15:43:31-0400,6,2,9,0
1011411,Chores MacGillicudy,1969-12-31T19:00:00-0500,1,1,1,0
1011187,Christian Walker,1969-12-31T19:00:00-0500,2,2,3,0
1009238,Chronomancer,1969-12-31T19:00:00-0500,3,1,4,0
1012065,Chthon,2021-08-27T18:19:19-0400,4,2,4,1
1011270,ClanDestine,1969-12-31T19:00:00-0500,20,5,37,0
1009239,Clea,1969-12-31T19:00:00-0500,134,37,156,2
1014999,Clea (Ultimate),2012-07-11T09:35:14-0400,2,2,1,0
1010809,Clint Barton,1969-12-31T19:00:00-0500,34,8,38,1
1009241,Cloak,2016-02-04T11:34:14-0500,130,57,137,6
1010823,Cloud 9,2013-10-24T13:17:04-0400,20,4,22,4
1011286,Cobalt Man,1969-12-31T19:00:00-0500,4,3,6,0
1010676,Colleen Wing,2013-11-01T16:27:00-0400,91,26,97,3
1010798,Colonel America,1969-12-31T19:00:00-0500,0,0,0,0
1009243,Colossus,2016-02-11T10:06:50-0500,706,170,867,27
1010917,Colossus (Ultimate),2011-07-13T14:24:54-0400,64,15,111,0
1011410,Confederates of the Curious,1969-12-31T19:00:00-0500,1,1,1,0
1009245,Constrictor,1969-12-31T19:00:00-0500,37,12,40,5
1011407,Contessa (Vera Vidal),1969-12-31T19:00:00-0500,1,1,1,0
1010346,Controller,1969-12-31T19:00:00-0500,7,3,9,0
1009246,Cornelius,1969-12-31T19:00:00-0500,0,0,0,0
1009247,Corsair,2011-06-02T16:58:21-0400,34,19,27,0
1011353,Cosmo (dog),2016-06-02T13:38:42-0400,15,9,15,1
1011362,Cottonmouth,1969-12-31T19:00:00-0500,2,2,2,0
1009249,Count Nefaria,1969-12-31T19:00:00-0500,33,19,34,0
1009250,Countess,2024-07-24T10:56:39-0400,4,3,4,0
1011272,Crimson Crusader,1969-12-31T19:00:00-0500,0,0,0,0
1009251,Crimson Dynamo,2013-10-24T13:17:13-0400,40,25,43,1
1017323,Crimson Dynamo (Iron Man 3 - The Official Game),2013-09-18T11:05:28-0400,0,0,0,0
1011169,Crimson King,1969-12-31T19:00:00-0500,0,0,0,0
1009252,Crossbones,2016-04-20T15:32:03-0400,49,25,64,2
1009253,Crule,1969-12-31T19:00:00-0500,9,4,10,0
1009254,Crusher Hogan,1969-12-31T19:00:00-0500,3,3,3,0
1014991,Crusher Hogan (Ultimate),2012-07-10T19:27:37-0400,4,3,2,0
1009255,Crystal,2016-07-08T15:02:36-0400,124,56,137,8
1011268,Cuckoo,1969-12-31T19:00:00-0500,1,1,2,0
1009244,Curt Conners,1969-12-31T19:00:00-0500,18,8,16,2
1011174,Cuthbert,1969-12-31T19:00:00-0500,0,0,0,0
1009256,Cyber,1969-12-31T19:00:00-0500,19,5,23,0
1009257,Cyclops,2016-07-05T14:30:06-0400,995,291,1117,29
1010918,Cyclops (Ultimate),2014-03-05T13:27:26-0500,67,16,121,0
1017473,Cyclops (X-Men: Battle of the Atom),2014-01-15T19:39:15-0500,0,0,0,0
1011385,Cypher,2011-02-28T16:06:26-0500,28,8,35,2
1011050,D'Ken Neramani,1969-12-31T19:00:00-0500,2,2,1,0
1009258,Dagger,2013-11-20T17:06:21-0500,139,58,158,6
1010774,Daily Bugle,-0001-11-30T00:00:00-0500,3,3,4,1
1010719,Daimon Hellstrom,2012-10-12T17:25:43-0400,60,29,64,3
1011001,Daken,2016-02-11T10:47:01-0500,150,36,158,1
1011333,Dakota North,2011-06-16T16:58:57-0400,20,6,21,1
1009259,Damage Control,2016-09-06T11:36:18-0400,16,7,18,0
1009453,Dani Moonstar,2013-08-06T23:17:59-0400,79,22,98,6
1010776,Danny Rand,2004-04-14T00:00:00-0400,5,3,5,0
1009262,Daredevil,2020-03-04T16:09:36-0500,1278,332,1986,17
1017292,Daredevil (LEGO Marvel Super Heroes),2013-09-12T17:29:45-0400,0,0,0,0
1017312,Daredevil (Marvel Heroes),2013-09-18T10:54:10-0400,0,0,0,0
1010919,Daredevil (Ultimate),2014-03-05T13:27:19-0500,22,10,27,0
1011306,Dargo Ktor,1969-12-31T19:00:00-0500,1,1,1,0
1011367,Dark Avengers,2016-02-11T12:55:37-0500,78,21,109,2
1010907,Dark Beast,2013-10-17T14:41:37-0400,10,5,10,2
1009265,Dark Phoenix,2011-04-22T14:26:50-0400,21,15,21,1
1011387,Dark X-Men,2010-11-22T13:37:51-0500,15,4,22,1
1011020,Darkhawk,2013-10-24T13:16:45-0400,59,21,61,2
1009266,Darkstar,1969-12-31T19:00:00-0500,24,16,19,1
1011016,Darwin,1969-12-31T19:00:00-0500,12,2,13,0
1009267,Dazzler,2016-04-11T13:42:29-0400,228,77,294,11
1010920,Dazzler (Ultimate),1969-12-31T19:00:00-0500,16,3,29,0
1010341,Deacon Frost,1969-12-31T19:00:00-0500,1,1,1,0
1011087,Dead Girl,1969-12-31T19:00:00-0500,9,5,9,0
1009268,Deadpool,2020-04-04T19:02:15-0400,952,275,1185,15
1017316,Deadpool (Deadpool),2013-09-18T11:09:55-0400,0,0,0,0
1017336,Deadpool (LEGO Marvel Super Heroes),2013-09-18T15:06:33-0400,0,0,0,0
1017474,Deadpool (X-Men: Battle of the Atom),2014-01-15T19:40:09-0500,0,0,0,0
1009269,Death,2013-10-17T14:52:53-0400,32,21,33,2
1009270,Deathbird,2010-12-16T15:26:21-0500,39,13,43,3
1011037,Deathcry,2014-04-29T14:46:34-0400,8,4,7,3
1010890,Deathlok,2014-06-20T14:45:18-0400,106,35,118,3
1014997,Deathstrike (Ultimate),2012-07-11T09:19:40-0400,1,1,1,0
1009713,Debra Whitman,2024-07-24T10:55:56-0400,3,2,3,0
1010717,Debrii,1969-12-31T19:00:00-0500,9,3,15,2
1011188,Deena Pilgrim,1969-12-31T19:00:00-0500,3,2,4,0
1011023,Defenders,2016-02-10T11:11:18-0500,215,44,280,3
1011071,Demogoblin,2014-04-29T14:23:54-0400,10,6,10,1
1009271,Destiny,1969-12-31T19:00:00-0500,52,26,52,4
1009272,Detective Soap,1969-12-31T19:00:00-0500,3,1,3,0
1011107,Deviants,1969-12-31T19:00:00-0500,10,7,12,0
1017583,Devil Dinosaur (Devil Dinosaur),2015-01-08T14:38:06-0500,103,36,107,2
1017102,Devil Dinosaur (HAS),2013-09-18T15:53:16-0400,0,0,0,0
1011142,Devos,1969-12-31T19:00:00-0500,4,2,7,1
1011260,Dexter Bennett,1969-12-31T19:00:00-0500,3,1,4,0
1009273,Diablo,1969-12-31T19:00:00-0500,28,17,35,0
1009274,Diamondback (Rachel Leighton),2013-10-24T13:17:17-0400,54,10,61,3
1011040,Dinah Soar,1969-12-31T19:00:00-0500,3,2,3,0
1010997,Dirk Anger,1969-12-31T19:00:00-0500,0,0,0,0
1009275,Doc Samson,2013-10-18T17:32:38-0400,112,30,141,0
1009281,Doctor Doom,2016-06-22T12:07:32-0400,500,246,577,13
1011103,Doctor Doom (Ultimate),2014-03-05T13:27:13-0500,12,7,14,0
1011206,Doctor Faustus,2010-12-06T16:31:09-0500,9,5,14,0
1009276,Doctor Octopus,2013-11-20T17:05:53-0500,186,70,195,4
1010921,Doctor Octopus (Ultimate),1969-12-31T19:00:00-0500,15,5,15,0
1010689,Doctor Spectrum,2011-05-05T13:07:29-0400,21,8,24,0
1009282,Doctor Strange,2020-07-21T10:33:36-0400,963,334,1216,22
1011358,Doctor Strange (Ultimate),2014-03-05T13:24:09-0500,12,8,12,0
1011500,Doctor Voodoo,2021-08-26T23:03:24-0400,51,23,58,2
1011235,Dog Brother #1,2011-05-26T17:53:17-0400,9,2,10,1
1009277,Domino,2014-10-17T17:55:54-0400,293,76,335,10
1010330,Donald Blake,2010-11-18T13:32:33-0500,15,7,23,0
1009278,Doomsday Man,1969-12-31T19:00:00-0500,3,2,3,0
1009279,Doop,2014-01-09T14:13:41-0500,39,12,52,1
1010879,Doorman,1969-12-31T19:00:00-0500,5,3,5,0
1017835,Dora Milaje,2021-08-12T23:52:20-0400,37,22,39,0
1011195,Dorian Gray,1969-12-31T19:00:00-0500,0,0,0,0
1009280,Dormammu,2010-12-01T12:27:51-0500,55,28,59,1
1014992,Dormammu (Ultimate),2012-07-10T19:31:24-0400,3,3,3,0
1017300,Dr. Strange (Marvel: Avengers Alliance),2013-09-18T10:17:22-0400,0,0,0,0
1010677,Dracula,2014-02-20T20:49:31-0500,129,55,149,1
1011247,Dragon Lord,1969-12-31T19:00:00-0500,4,3,4,0
1009283,Dragon Man,2011-10-27T09:58:45-0400,37,20,45,2
1010735,Drax,2013-10-17T14:57:24-0400,82,46,84,3
1010368,Dreadnoughts,1969-12-31T19:00:00-0500,5,3,9,0
1015007,Dreaming Celestial,2012-08-07T10:03:40-0400,3,3,3,0
1011322,Druig,1969-12-31T19:00:00-0500,6,2,6,0
1009284,Dum Dum Dugan,2011-07-28T12:55:53-0400,67,24,84,3
1009285,Dust,1969-12-31T19:00:00-0500,25,11,26,0
1009286,Earthquake,1969-12-31T19:00:00-0500,7,6,3,0
1010785,Echo,1969-12-31T19:00:00-0500,54,24,58,1
1010787,Eddie Brock,2021-08-03T22:59:17-0400,253,91,252,1
1009396,Eddie Lau,1969-12-31T19:00:00-0500,0,0,0,0
1010999,"Edward ""Ted"" Forrester",1969-12-31T19:00:00-0500,0,0,1,0
1011072,Edwin Jarvis,2011-08-08T13:32:22-0400,107,33,112,5
1011060,Ego,2014-04-29T14:18:44-0400,17,15,18,1
1009287,Electro,2015-06-12T13:16:44-0400,95,44,109,2
1010922,Electro (Ultimate),1969-12-31T19:00:00-0500,7,5,5,0
1009288,Elektra,2017-08-21T16:51:16-0400,263,77,345,9
1010923,Elektra (Ultimate),2014-03-05T13:26:27-0500,11,4,14,0
1010355,Elements of Doom,1969-12-31T19:00:00-0500,1,1,1,0
1009290,Elite,1969-12-31T19:00:00-0500,1,1,1,0
1011082,Elixir,2013-11-01T16:26:56-0400,28,9,36,1
1011122,Elloe Kaifi,2013-10-24T13:17:25-0400,3,1,3,0
1010701,Elsa Bloodstone,1969-12-31T19:00:00-0500,55,25,55,1
1017858,Emily Bright (Emily Bright),2024-01-09T12:59:49-0500,1,1,1,0
1009310,Emma Frost,2016-07-05T14:28:45-0400,455,149,508,17
1009291,Empath,-0001-11-30T00:00:00-0500,30,8,30,0
1009292,Emplate,1969-12-31T19:00:00-0500,15,6,14,1
1010671,Enchantress (Amora),2013-11-01T16:26:51-0400,30,13,41,2
1011432,Enchantress (Sylvie Lushton),2016-02-01T14:18:56-0500,2,2,2,0
1011313,Ender Wiggin,2024-07-24T10:57:24-0400,13,4,13,0
1010445,Energizer,1969-12-31T19:00:00-0500,10,4,17,0
1011065,Epoch,1969-12-31T19:00:00-0500,0,0,0,0
1009293,Erik the Red,1969-12-31T19:00:00-0500,6,4,6,0
1010807,Eternals,2014-06-16T11:23:46-0400,99,38,138,1
1011061,Eternity,1969-12-31T19:00:00-0500,20,13,23,1
1010771,Excalibur,1969-12-31T19:00:00-0500,227,38,343,5
1012378,Executioner (Skurge),2021-08-13T00:17:53-0400,4,4,4,2
1009294,Exiles,2010-11-18T14:08:22-0500,146,26,216,2
1009295,Exodus,2013-10-24T13:17:29-0400,33,22,38,3
1009296,Expediter,1969-12-31T19:00:00-0500,0,0,0,0
1011199,Ezekiel,1969-12-31T19:00:00-0500,8,3,8,0
1011317,Ezekiel Stane,2011-02-23T16:17:12-0500,17,3,24,0
1009248,Fabian Cortez,1969-12-31T19:00:00-0500,6,3,6,0
1009297,Falcon,2016-06-02T12:31:51-0400,208,77,240,7
1017110,Falcon/Sam Wilson (MAA),2013-09-18T15:52:17-0400,0,0,0,0
1011143,Fallen One,1969-12-31T19:00:00-0500,0,0,0,0
1009298,Famine,1969-12-31T19:00:00-0500,15,3,15,1
1009299,Fantastic Four,2016-05-05T14:38:42-0400,1540,445,2420,24
1011013,Fantastic Four (Ultimate),1969-12-31T19:00:00-0500,101,29,118,0
1011111,Fantastick Four,1969-12-31T19:00:00-0500,1,1,1,0
1009301,Fantomex,2014-04-29T14:52:10-0400,66,19,74,4
1011233,Fat Cobra,2011-05-26T17:52:52-0400,16,6,21,1
1009335,Felicia Hardy,1969-12-31T19:00:00-0500,3,2,4,1
1009302,Fenris,1969-12-31T19:00:00-0500,6,5,5,0
1011213,Feral,1969-12-31T19:00:00-0500,9,5,9,1
1009303,Fin Fang Foom,2014-09-30T16:53:34-0400,30,19,33,1
1010868,Firebird,1969-12-31T19:00:00-0500,35,12,33,2
1009304,Firebrand,1969-12-31T19:00:00-0500,7,4,13,0
1014987,Firedrake,2010-11-18T15:58:52-0500,0,0,0,0
1009305,Firelord,2010-11-18T14:27:51-0500,43,24,50,2
1009306,Firestar,2013-10-17T14:57:09-0400,128,53,148,6
1011222,Firestar (Ultimate),2011-03-10T16:54:12-0500,5,4,6,0
1010880,Fixer (Paul Norbert Ebersol),2011-08-23T19:20:05-0400,8,5,8,0
1010863,Flatman,2010-11-04T16:48:10-0400,5,3,5,0
1010333,Flying Dutchman,1969-12-31T19:00:00-0500,0,0,0,0
1009470,Foggy Nelson,2015-03-30T16:58:58-0400,91,35,122,3
1009307,Force Works,2013-11-01T16:26:47-0400,28,4,28,1
1009308,Forearm,1969-12-31T19:00:00-0500,22,9,21,0
1009309,Forge,2013-10-24T13:28:57-0400,163,51,183,9
1014993,Forge (Ultimate),2012-07-10T19:32:29-0400,3,1,5,0
1011177,Forgotten One,1969-12-31T19:00:00-0500,2,2,2,2
1009229,Frank Castle,2004-04-14T00:00:00-0400,30,11,34,2
1011356,Frankenstein's Monster,2011-05-13T14:32:06-0400,27,7,36,1
1009539,Franklin Richards,2014-04-29T14:23:45-0400,178,59,232,8
1010980,Franklin Storm,1969-12-31T19:00:00-0500,6,4,10,0
1011240,Freak,1969-12-31T19:00:00-0500,6,2,9,0
1012478,Frenzy,2021-08-27T17:57:29-0400,16,9,16,1
1010799,Frightful Four,1969-12-31T19:00:00-0500,19,8,28,0
1011389,Frog Thor,2011-03-30T16:31:39-0400,29,9,33,0
1010670,Frog-Man,2011-06-08T12:00:18-0400,3,3,4,1
1009377,Gabe Jones,1969-12-31T19:00:00-0500,0,0,0,0
1009312,Galactus,2014-09-30T16:47:03-0400,247,119,271,10
1011384,Galia,1969-12-31T19:00:00-0500,0,0,0,0
1009313,Gambit,2016-03-14T12:47:45-0400,531,137,659,14
1011201,Gamma Corps,1969-12-31T19:00:00-0500,0,0,0,0
1010763,Gamora,2016-06-02T13:39:18-0400,78,38,82,5
1017324,Gamora (Marvel War of Heroes),2013-09-18T11:00:11-0400,0,0,0,0
1010832,Gargoyle,2004-04-14T00:00:00-0400,17,6,18,1
1012512,Gargoyle (Isaac Christians),2021-08-27T22:01:59-0400,14,2,27,0
1012513,Gargoyle (Yuri Topolov),2010-12-15T13:35:44-0500,1,1,1,0
1011380,Garia,2010-11-08T18:11:41-0500,0,0,0,0
1009383,Garrison Kane,1969-12-31T19:00:00-0500,19,10,19,0
1009315,Gateway,1969-12-31T19:00:00-0500,29,12,27,3
1009316,Gauntlet (Joseph Green),2014-04-29T14:42:58-0400,29,8,36,5
1011248,Geiger,2013-11-01T16:24:26-0400,0,0,0,0
1009556,Gene Sailors,1969-12-31T19:00:00-0500,0,0,0,0
1011285,Generation X,1969-12-31T19:00:00-0500,103,13,128,1
1009317,Genesis,1969-12-31T19:00:00-0500,17,4,17,2
1011098,Genis-Vell,1969-12-31T19:00:00-0500,11,3,11,0
1014974,George Stacy (Ultimate),2012-07-10T19:25:45-0400,9,6,4,0
1010749,Gertrude Yorkes,1969-12-31T19:00:00-0500,14,5,13,1
1010925,Ghost Rider (Daniel Ketch),2016-02-10T10:25:38-0500,101,35,109,1
1009318,Ghost Rider (Johnny Blaze),2016-02-10T10:25:28-0500,338,95,455,6
1017329,Ghost Rider (Marvel War of Heroes),2013-09-18T10:59:53-0400,0,0,0,0
1017833,Ghost Rider (Robbie Reyes),2022-03-08T12:44:01-0500,40,22,42,0
1011221,Giant Girl,1969-12-31T19:00:00-0500,2,1,2,0
1009320,Giant Man,2011-09-23T10:53:06-0400,60,24,63,3
1010720,Giant-dok,1969-12-31T19:00:00-0500,0,0,0,0
1010926,Giant-Man (Ultimate),1969-12-31T19:00:00-0500,20,10,22,0
1011055,Gideon,1969-12-31T19:00:00-0500,22,11,24,1
1012571,Gilgamesh,2021-08-12T23:30:35-0400,12,3,13,1
1014982,Git Hoskins,2010-11-18T15:54:36-0500,0,0,0,0
1009321,Gladiator (Kallark),2016-07-08T14:38:24-0400,83,43,77,3
1011256,Gladiator (Melvin Potter),1969-12-31T19:00:00-0500,9,6,14,0
1009645,Glenn Talbot,1969-12-31T19:00:00-0500,7,3,11,0
1011144,Glorian,1969-12-31T19:00:00-0500,11,2,19,1
1009322,Goblin Queen,2013-12-26T14:23:21-0500,13,9,13,1
1011374,Golden Guardian,1969-12-31T19:00:00-0500,0,0,0,0
1010927,Goliath (Bill Foster),2011-08-09T14:56:53-0400,27,12,29,2
1009324,Gorgon,2017-08-21T16:55:27-0400,64,36,69,5
1012610,Gorgon (Inhumans),2021-08-26T23:44:29-0400,16,10,18,2
1010731,Gorilla Man,1969-12-31T19:00:00-0500,19,8,21,2
1011076,Grandmaster,2017-08-21T14:39:21-0400,11,10,11,0
1012623,Graviton,2021-08-27T17:53:53-0400,12,6,15,2
1010702,Gravity,2013-10-17T15:01:40-0400,35,12,39,4
1011041,Great Lakes Avengers,1969-12-31T19:00:00-0500,13,5,14,0
1014985,Green Goblin (Barry Norman Osborn),2010-11-18T15:57:08-0500,12,1,12,0
1010928,Green Goblin (Harry Osborn),2016-08-25T16:51:27-0400,11,3,11,2
1011435,Green Goblin (Norman Osborn),2021-08-13T00:30:10-0400,92,42,90,3
1010929,Green Goblin (Ultimate),1969-12-31T19:00:00-0500,2,2,2,0
1009326,Gressill,1969-12-31T19:00:00-0500,0,0,0,0
1011420,Grey Gargoyle,2013-11-20T17:07:40-0500,30,23,37,3
1011292,Greymalkin,1969-12-31T19:00:00-0500,0,0,0,0
1009328,Grim Reaper,2011-07-27T15:23:51-0400,33,18,32,1
1010743,Groot,2013-10-17T15:01:37-0400,78,28,81,2
1009330,Guardian,2011-05-19T11:07:05-0400,36,19,39,2
1011299,Guardians of the Galaxy,2020-07-21T10:30:47-0400,400,121,435,9
1009331,Guardsmen,1969-12-31T19:00:00-0500,0,0,0,0
1010709,Gunslinger,2004-04-14T00:00:00-0400,0,0,0,0
1009207,GW Bridge,1969-12-31T19:00:00-0500,22,3,21,3
1009619,Gwen Stacy,2016-08-19T09:00:14-0400,90,34,85,1
1014994,Gwen Stacy (Ultimate),2012-07-10T19:38:29-0400,27,8,28,0
1011400,H.A.M.M.E.R.,1969-12-31T19:00:00-0500,8,5,11,1
1009332,H.E.R.B.I.E.,2012-08-23T20:22:41-0400,1,1,1,0
1011391,Hairball,2010-12-10T15:40:42-0500,8,2,12,0
1009333,Half-Life (Tony Masterson),1969-12-31T19:00:00-0500,1,1,2,0
1009334,Hammerhead,1969-12-31T19:00:00-0500,34,19,39,0
1014995,Hammerhead (Ultimate),2012-07-11T09:13:15-0400,5,4,5,0
1011490,Hank Pym,2015-06-01T16:59:16-0400,243,92,335,8
1011091,Hannibal King,1969-12-31T19:00:00-0500,2,1,2,0
1009348,Happy Hogan,2010-11-03T10:00:46-0400,18,4,32,0
1010821,Hardball,2014-04-29T14:43:14-0400,17,3,20,5
1011185,Harley Davidson Cooper,1969-12-31T19:00:00-0500,0,0,0,0
1009336,Harpoon,1969-12-31T19:00:00-0500,13,5,12,3
1011069,Harrier,1969-12-31T19:00:00-0500,0,0,0,0
1009339,Harry Heck,1969-12-31T19:00:00-0500,0,0,0,0
1009486,Harry Osborn,2012-02-02T14:04:39-0500,95,21,123,4
1011218,Harry Osborn (Ultimate),1969-12-31T19:00:00-0500,10,6,7,0
1010816,Hate-Monger (Adolf Hitler),1969-12-31T19:00:00-0500,3,3,4,0
1009337,Havok,2013-10-23T12:39:26-0400,364,102,409,14
1009338,Hawkeye,2016-06-22T12:53:31-0400,678,226,736,19
1010808,Hawkeye (Kate Bishop),2014-12-09T17:25:54-0500,117,44,117,3
1017311,Hawkeye (Marvel Heroes),2013-09-18T10:53:45-0400,0,0,0,0
1011131,Hawkeye (Ultimate),2014-03-05T13:26:13-0500,30,14,39,0
1017108,Hawkeye/Clint Barton (MAA),2013-09-18T15:48:47-0400,0,0,0,0
1012767,Hecate (Ravonna Renslayer),2021-08-18T19:26:34-0400,15,6,14,0
1011046,Hedge Knight,1969-12-31T19:00:00-0500,1,1,1,0
1011482,Hela,2021-08-12T22:15:07-0400,63,31,76,5
1010351,Hellcat (Patsy Walker),2011-03-07T13:02:34-0500,126,48,127,1
1009340,Hellfire Club,1969-12-31T19:00:00-0500,35,24,31,0
1014996,Hellfire Club (Ultimate),2012-07-11T09:14:59-0400,2,1,4,0
1010678,Hellion,1969-12-31T19:00:00-0500,28,14,32,2
1011044,Hellions (Squad),1969-12-31T19:00:00-0500,7,4,11,0
1009341,Hemingway,1969-12-31T19:00:00-0500,1,1,2,0
1011371,Henry Peter Gyrich,2014-04-29T14:23:23-0400,14,6,15,2
1009342,Hepzibah,-0001-11-30T00:00:00-0500,38,13,35,2
1009343,Hercules,2013-11-14T14:47:08-0500,316,115,360,12
1010759,Heroes For Hire,2010-11-29T16:22:27-0500,84,11,94,3
1011274,Hex,1969-12-31T19:00:00-0500,0,0,0,0
1011300,High Evolutionary,2013-10-24T13:29:06-0400,42,31,46,2
1010839,Hindsight Lad,1969-12-31T19:00:00-0500,2,1,2,0
1010703,Hiroim,2013-11-20T17:14:00-0500,4,2,4,1
1011442,Hit-Monkey,2022-04-14T19:56:30-0400,23,8,32,1
1009345,Hitman,1969-12-31T19:00:00-0500,5,4,4,0
1011383,Hitomi Sakuma,2010-11-08T18:18:15-0500,0,0,0,0
1010930,Hobgoblin (Jason Macendale),1969-12-31T19:00:00-0500,11,5,11,1
1010931,Hobgoblin (Robin Borne),1969-12-31T19:00:00-0500,3,1,6,0
1009347,Hobgoblin (Roderick Kingsley),2011-02-01T12:51:12-0500,45,23,44,2
1009349,Holocaust (Age of Apocalypse),1969-12-31T19:00:00-0500,31,17,29,2
1009350,Holy,1969-12-31T19:00:00-0500,0,0,0,0
1017844,Honey Badger (Gabrielle Kinney),2021-08-12T23:16:38-0400,57,10,57,0
1011428,Hope Summers,2013-02-05T13:57:56-0500,109,27,144,6
1009557,Howard Saint,1969-12-31T19:00:00-0500,0,0,0,0
1010373,Howard The Duck,2013-07-26T21:57:35-0400,114,36,228,1
1009351,Hulk,2020-07-21T10:35:15-0400,1808,553,2698,26
1017098,Hulk (HAS),2013-09-12T14:06:16-0400,1,1,1,0
1017333,Hulk (LEGO Marvel Super Heroes),2013-09-18T11:15:54-0400,0,0,0,0
1011118,Hulk (Marvel Zombies),2014-03-05T13:25:50-0500,8,3,9,0
1017303,Hulk (Marvel: Avengers Alliance),2013-09-18T10:17:06-0400,0,0,0,0
1011005,Hulk (Ultimate),2016-02-04T12:35:48-0500,27,16,30,0
1010721,Hulk-dok,1969-12-31T19:00:00-0500,0,0,0,0
1017107,Hulk/Bruce Banner (MAA),2013-09-18T15:49:50-0400,0,0,0,0
1009355,Hulkling,2011-03-10T15:02:10-0500,55,31,55,3
1010343,Human Cannonball,1969-12-31T19:00:00-0500,2,1,2,0
1011415,Human Fly (Richard Deacon),1969-12-31T19:00:00-0500,0,0,0,0
1010722,Human Robot,1969-12-31T19:00:00-0500,12,6,12,2
1009356,Human Torch,2013-10-18T17:31:30-0400,1195,281,1867,20
1010932,Human Torch (Jim Hammond),2014-05-20T18:01:17-0400,58,26,54,1
1011102,Human Torch (Ultimate),2014-03-05T13:26:00-0500,55,22,68,0
1010675,Humbug,1969-12-31T19:00:00-0500,5,3,5,1
1009357,Husk,1969-12-31T19:00:00-0500,43,18,53,3
1009358,Hussar,1969-12-31T19:00:00-0500,8,5,5,1
1009359,Hydra,2014-02-16T11:21:08-0500,149,76,153,3
1009360,Hydro-Man,1969-12-31T19:00:00-0500,18,9,25,1
1009361,Hyperion (Earth-712),1969-12-31T19:00:00-0500,35,22,38,0
1011246,Hypno-Hustler,1969-12-31T19:00:00-0500,3,2,4,0
1009362,Iceman,2016-02-03T13:38:53-0500,598,174,691,22
1010933,Iceman (Ultimate),2014-03-05T13:37:05-0500,68,20,118,0
1017475,Iceman (X-Men: Battle of the Atom),2014-01-16T13:12:41-0500,0,0,0,0
1011077,Ikaris,1969-12-31T19:00:00-0500,15,4,17,0
1010758,Illuminati,2013-10-17T15:01:33-0400,19,9,18,1
1009529,Ilyana Rasputin,1969-12-31T19:00:00-0500,1,1,2,0
1012923,Immortus,2021-08-13T00:16:13-0400,21,6,27,1
1011273,Imp,1969-12-31T19:00:00-0500,0,0,0,0
1011089,Imperfects,1969-12-31T19:00:00-0500,0,0,0,0
1009363,Imperial Guard,2016-07-08T14:38:03-0400,19,12,21,2
1009364,Impossible Man,1969-12-31T19:00:00-0500,25,20,31,1
1011063,In-Betweener,2011-05-23T16:36:40-0400,5,5,4,0
1011064,Inertia,1969-12-31T19:00:00-0500,3,3,3,0
1011146,Infant Terrible,1969-12-31T19:00:00-0500,0,0,0,0
1009365,Inhumans,2016-07-08T15:02:03-0400,256,117,282,11
1011293,Ink,1969-12-31T19:00:00-0500,2,2,2,0
1011024,Invaders,2014-06-13T14:01:12-0400,94,23,156,0
1009366,Invisible Woman,2013-10-24T13:48:00-0400,736,179,968,20
1017301,Invisible Woman (Marvel: Avengers Alliance),2013-09-18T10:16:47-0400,0,0,0,0
1010934,Invisible Woman (Ultimate),2010-12-08T15:02:10-0500,52,19,70,0
1011379,Iron Cross Army,1969-12-31T19:00:00-0500,0,0,0,0
1011318,Iron Fist (Bei Bang-Wen),1969-12-31T19:00:00-0500,7,4,10,0
1009367,Iron Fist (Danny Rand),2017-08-21T16:49:13-0400,429,124,477,11
1010888,Iron Fist (Orson Randall),2014-03-05T13:37:33-0500,14,6,14,0
1011413,Iron Fist (Quan Yaozu),2014-03-05T13:36:07-0500,1,1,1,0
1016839,Iron Fist (USM),2013-09-18T15:55:48-0400,0,0,0,0
1011412,Iron Fist (Wu Ao-Shi),2014-03-05T13:39:42-0500,2,1,3,0
1010704,Iron Lad,2011-03-10T14:57:04-0500,17,6,16,0
1009368,Iron Man,2016-09-28T12:08:19-0400,2743,686,4074,31
1017320,Iron Man (Iron Man 3 - The Official Game),2013-09-18T11:05:44-0400,0,0,0,0
1017294,Iron Man (LEGO Marvel Super Heroes),2013-09-18T17:03:08-0400,0,0,0,0
1017310,Iron Man (Marvel Heroes),2013-09-18T10:53:29-0400,0,0,0,0
1017326,Iron Man (Marvel War of Heroes),2013-09-18T10:59:29-0400,0,0,0,0
1010935,Iron Man (Ultimate),2016-02-04T11:46:01-0500,77,29,93,0
1017104,Iron Man/Tony Stark (MAA),2015-07-06T18:35:56-0400,0,0,0,0
1009371,Iron Monger,2012-07-18T11:55:02-0400,1,1,1,0
1009487,Iron Patriot,1969-12-31T19:00:00-0500,6,5,7,3
1009538,Iron Patriot (James Rhodes),2015-11-23T17:46:51-0500,76,28,100,4
1010844,Ironclad,1969-12-31T19:00:00-0500,0,0,0,0
1017831,Ironheart (Riri Williams),2021-08-04T12:13:18-0400,96,34,96,1
1011876,Isaiah Bradley,2021-08-12T23:46:14-0400,8,2,7,0
1009372,J. Jonah Jameson,2016-08-05T14:11:58-0400,282,79,311,13
1010736,Jack Flag,1969-12-31T19:00:00-0500,0,0,0,0
1010786,Jack Murdock,1969-12-31T19:00:00-0500,8,5,9,0
1010766,Jack O' Lantern,1969-12-31T19:00:00-0500,10,7,10,2
1011251,Jack Power,2011-01-10T13:13:45-0500,6,3,6,0
1011288,Jackal,2011-11-14T16:48:54-0500,41,19,50,2
1011259,Jackpot,1969-12-31T19:00:00-0500,7,4,10,0
1010775,James Buchanan Barnes,1969-12-31T19:00:00-0500,3,3,3,0
1010777,James Howlett,1969-12-31T19:00:00-0500,3,2,3,0
1011343,Jamie Braddock,1969-12-31T19:00:00-0500,17,7,15,2
1010329,Jane Foster,2013-10-31T20:23:49-0400,95,44,106,0
1010878,"Janus, the Nega-Man",1969-12-31T19:00:00-0500,1,1,2,0
1009597,Jasper Sitwell,1969-12-31T19:00:00-0500,23,8,32,0
1011344,Jazinda,1969-12-31T19:00:00-0500,0,0,0,0
1009496,Jean Grey,2013-08-01T15:38:33-0400,61,24,60,0
1009327,Jean Grey,2013-11-20T17:15:32-0500,241,110,263,13
1010946,Jean Grey (Ultimate),2014-03-05T13:40:08-0500,78,19,139,0
1009604,Jennifer Smith,1969-12-31T19:00:00-0500,0,0,0,0
1011404,Jeryn Hogarth,1969-12-31T19:00:00-0500,19,5,20,0
1010667,Jessica Drew,1969-12-31T19:00:00-0500,13,5,14,1
1009378,Jessica Jones,2017-08-21T14:47:52-0400,174,60,189,9
1009373,Jetstream,1969-12-31T19:00:00-0500,1,1,1,0
1009374,Jigsaw,2010-11-03T12:10:46-0400,21,8,22,0
1011105,Jimmy Woo,1969-12-31T19:00:00-0500,15,7,18,2
1009375,Joan the Mouse,1969-12-31T19:00:00-0500,0,0,0,0
1009376,Jocasta,2011-05-27T10:33:33-0400,74,14,76,6
1011171,John Farson,1969-12-31T19:00:00-0500,0,0,0,0
1010812,John Jameson,2010-11-04T14:37:23-0400,10,6,9,0
1009500,John Porter,1969-12-31T19:00:00-0500,0,0,0,0
1009721,John Wraith,1969-12-31T19:00:00-0500,6,3,10,0
1009196,Johnny Blaze,1969-12-31T19:00:00-0500,13,7,13,0
1009630,Johnny Storm,1969-12-31T19:00:00-0500,27,15,40,3
1009380,Joseph,2013-10-17T15:01:27-0400,39,10,46,1
1010938,Joshua Kane,1969-12-31T19:00:00-0500,0,0,0,0
1010937,Josiah X,1969-12-31T19:00:00-0500,7,1,7,0
1011033,Joystick,1969-12-31T19:00:00-0500,5,5,5,1
1009381,Jubilee,2016-02-10T09:46:54-0500,305,72,343,10
1010936,Jubilee (Age of Apocalypse),2014-04-30T16:56:11-0400,3,1,3,1
1009382,Juggernaut,2013-11-20T17:15:17-0500,211,93,243,9
1010772,Jule Carpenter,1969-12-31T19:00:00-0500,0,0,0,0
1010679,Julian Keller,1969-12-31T19:00:00-0500,6,3,8,0
1011314,Junta,1969-12-31T19:00:00-0500,7,1,7,0
1010760,Justice,1969-12-31T19:00:00-0500,76,18,95,7
1011310,Justin Hammer,2011-11-23T16:54:06-0500,8,4,10,0
1011081,Ka-Zar,2016-02-04T12:31:16-0500,163,47,182,1
1011193,Kabuki,1969-12-31T19:00:00-0500,11,1,11,0
1009384,Kang,2013-10-24T13:55:04-0400,156,67,181,3
1014983,Karen O'Malley,2010-11-18T15:55:23-0500,0,0,0,0
1011357,Karen Page,2017-08-21T16:53:37-0400,34,15,45,0
1011386,Karma,2013-01-22T14:03:05-0500,64,16,80,2
1009385,Karnak,2017-08-21T16:58:04-0400,106,51,115,8
1010752,Karolina Dean ,2012-02-27T13:46:54-0500,18,11,17,0
1010783,Kat Farrell,1969-12-31T19:00:00-0500,10,6,8,1
1010810,Kate Bishop,1969-12-31T19:00:00-0500,19,8,19,2
1011250,Katie Power,1969-12-31T19:00:00-0500,11,5,15,0
1011319,Ken Ellis,1969-12-31T19:00:00-0500,6,3,6,0
1009386,Khan,1969-12-31T19:00:00-0500,0,0,0,0
1010893,Kid Colt,1969-12-31T19:00:00-0500,16,7,19,0
1011397,Killer Shrike,1969-12-31T19:00:00-0500,4,4,3,0
1011289,Killmonger,2017-08-21T14:43:06-0400,28,10,28,0
1011116,Killraven,1969-12-31T19:00:00-0500,38,8,104,0
1009388,King Bedlam,1969-12-31T19:00:00-0500,2,1,2,0
1010842,King Cobra,1969-12-31T19:00:00-0500,5,5,5,0
1009389,Kingpin,2016-05-02T14:16:56-0400,288,111,333,7
1011308,Kinsey Walden,1969-12-31T19:00:00-0500,0,0,0,0
1009508,Kitty Pryde,2014-05-22T19:08:23-0400,378,135,399,15
1017476,Kitty Pryde (X-Men: Battle of the Atom),2024-07-24T10:55:25-0400,2,1,2,1
1009390,Klaw,2013-10-17T15:06:08-0400,59,31,63,2
1010818,Komodo (Melati Kusuma),2014-04-29T14:54:48-0400,20,2,24,4
1011147,Korath,1969-12-31T19:00:00-0500,5,3,5,1
1011080,Korg,2013-10-24T13:29:14-0400,18,3,17,2
1011312,Korvac,2011-03-10T16:31:51-0500,16,10,18,0
1013133,Krakoa,2021-08-12T23:51:15-0400,32,10,32,1
1009391,Kraven the Hunter,2013-11-01T16:34:52-0400,105,50,117,1
1011148,Kree,2014-06-17T17:36:40-0400,24,17,26,1
1015017,Krista Starr,2010-11-12T14:47:14-0500,0,0,0,0
1011178,Kronos,1969-12-31T19:00:00-0500,0,0,0,0
1011029,Kulan Gath,1969-12-31T19:00:00-0500,5,3,5,0
1013163,Kwannon,2021-08-27T18:22:21-0400,3,3,3,0
1011058,Kylun,1969-12-31T19:00:00-0500,0,0,0,0
1009392,La Nuit,1969-12-31T19:00:00-0500,2,2,2,0
1011327,Lady Bullseye,2011-10-05T16:29:56-0400,33,8,38,2
1009393,Lady Deathstrike,2014-04-29T14:52:35-0400,117,38,121,2
1011014,Lady Mastermind,1969-12-31T19:00:00-0500,3,1,5,0
1014977,Lady Ursula,2010-11-18T15:49:56-0500,0,0,0,0
1014976,Lady Vermin,2010-11-18T15:49:03-0500,0,0,0,0
1009394,Lake,1969-12-31T19:00:00-0500,0,0,0,0
1009395,Landau,1969-12-31T19:00:00-0500,0,0,0,0
1009397,Lava-Man,1969-12-31T19:00:00-0500,1,1,1,0
1011100,Layla Miller,2013-11-01T16:27:04-0400,42,5,43,3
1009398,Leader,2013-12-26T14:45:52-0500,50,17,68,2
1011092,Leech,2011-10-27T09:59:24-0400,7,3,7,2
1009399,Legion,2017-08-24T12:36:39-0400,103,33,113,5
1011403,"Lei Kung, The Thunderer",1969-12-31T19:00:00-0500,7,2,9,0
1009166,Lenny Balinger,1969-12-31T19:00:00-0500,0,0,0,0
1011186,Leo (Zodiac),1969-12-31T19:00:00-0500,0,0,0,0
1010340,Leopardon,1969-12-31T19:00:00-0500,0,0,0,0
1011375,Leper Queen,1969-12-31T19:00:00-0500,1,1,1,0
1014988,Lester,2010-11-18T15:59:42-0500,0,0,0,0
1011421,Lethal Legion,1969-12-31T19:00:00-0500,14,9,11,1
1010977,Lieutenant Marcus Stone,1969-12-31T19:00:00-0500,1,1,1,0
1009401,Lifeguard,1969-12-31T19:00:00-0500,4,1,8,0
1011408,Lightning Lords of Nepal,1969-12-31T19:00:00-0500,1,1,1,0
1010450,Lightspeed,1969-12-31T19:00:00-0500,37,9,44,2
1009236,Lila Cheney,1969-12-31T19:00:00-0500,9,8,8,0
1009402,Lilandra,2013-11-01T16:34:54-0400,114,41,105,5
1011074,Lilith,2013-11-01T16:34:58-0400,6,5,11,0
1011257,Lily Hollister,1969-12-31T19:00:00-0500,9,1,12,1
1010337,Lionheart,1969-12-31T19:00:00-0500,8,3,7,0
1011444,Living Laser,2021-08-27T18:18:14-0400,26,16,30,2
1010854,Living Lightning,1969-12-31T19:00:00-0500,21,9,21,0
1011036,Living Mummy,2016-02-10T11:29:25-0500,11,7,10,0
1011059,Living Tribunal,1969-12-31T19:00:00-0500,6,5,5,0
1009403,Liz Osborn,1969-12-31T19:00:00-0500,15,9,13,2
1009404,Lizard,2013-11-20T17:15:11-0500,94,35,107,3
1010939,Lizard (Ultimate),2011-01-05T23:00:13-0500,2,2,2,0
1011414,Loa,2013-11-01T16:32:33-0400,6,3,11,1
1009405,Lockheed,1969-12-31T19:00:00-0500,67,25,70,4
1009406,Lockjaw,1969-12-31T19:00:00-0500,98,52,109,3
1010363,Logan,1969-12-31T19:00:00-0500,32,14,31,1
1009407,Loki,2017-08-21T16:45:34-0400,496,186,563,9
1017299,Loki (LEGO Marvel Super Heroes),2013-09-18T11:21:22-0400,0,0,0,0
1010768,Loners,1969-12-31T19:00:00-0500,6,1,6,0
1009408,Longshot,2011-09-09T10:27:56-0400,88,28,107,5
1010940,Longshot (Ultimate),1969-12-31T19:00:00-0500,4,1,7,0
1011145,Lord Hawal,1969-12-31T19:00:00-0500,1,1,1,1
1014980,Lord Tyger,2010-11-18T15:53:02-0500,0,0,0,0
1011283,Lords of Avalon,1969-12-31T19:00:00-0500,0,0,2,0
1009260,Lorna Dane,1969-12-31T19:00:00-0500,8,5,5,0
1009409,Luckman,1969-12-31T19:00:00-0500,0,0,0,0
1011405,Lucky Pierre,1969-12-31T19:00:00-0500,1,1,1,0
1010751,Lucy in the Sky,1969-12-31T19:00:00-0500,0,0,0,0
1009215,Luke Cage,2017-08-08T14:53:35-0400,419,146,436,15
1011200,Luminals,1969-12-31T19:00:00-0500,0,0,0,0
1017854,Luna Snow (Luna Snow),2021-08-18T23:16:11-0400,14,7,15,0
1010896,Lyja,1969-12-31T19:00:00-0500,28,5,54,0
1011068,M (Monet St. Croix),2011-09-07T09:45:28-0400,59,12,64,2
1011004,M.O.D.A.M.,1969-12-31T19:00:00-0500,7,5,9,0
1011320,M.O.D.O.G.,1969-12-31T19:00:00-0500,2,2,1,0
1010726,M.O.D.O.K.,2013-10-17T15:06:22-0400,54,32,65,2
1017321,M.O.D.O.K. (Iron Man 3 - The Official Game),2013-09-18T11:06:00-0400,0,0,0,0
1009418,Ma Gnuci,1969-12-31T19:00:00-0500,2,1,2,0
1009314,Mac Gargan,1969-12-31T19:00:00-0500,0,0,0,0
1010851,Mach IV,2011-05-20T16:26:25-0400,8,4,14,1
1010805,Machine Man,2012-01-18T12:42:25-0500,94,27,116,1
1009411,Mad Thinker,2013-11-01T16:34:17-0400,36,22,36,0
1009412,Madame Hydra,2011-11-16T10:53:44-0500,17,12,19,0
1010352,Madame Masque,1969-12-31T19:00:00-0500,41,18,46,3
1010796,Madame Web (Julia Carpenter),2013-11-12T17:00:35-0500,11,4,12,0
1010724,Maddog,1969-12-31T19:00:00-0500,1,1,1,0
1009509,Madelyne Pryor,2013-11-20T17:15:09-0500,36,14,39,4
1011205,Madripoor,1969-12-31T19:00:00-0500,1,1,1,0
1009413,Madrox,2013-11-01T16:34:26-0400,99,14,104,3
1011053,Maelstrom,1969-12-31T19:00:00-0500,4,3,4,0
1011328,Maestro,2011-01-07T17:09:01-0500,28,9,28,0
1010867,Magdalene,1969-12-31T19:00:00-0500,7,3,9,1
1009414,Maggott,1969-12-31T19:00:00-0500,33,7,42,0
1010942,Magik (Amanda Sefton),2011-07-14T14:29:29-0400,2,2,2,2
1009415,Magik (Illyana Rasputin),2013-10-24T13:46:00-0400,135,48,152,8
1011135,Maginty,1969-12-31T19:00:00-0500,0,0,0,0
1009416,Magma (Amara Aquilla),2011-02-28T16:06:13-0500,63,24,71,5
1009417,Magneto,2016-02-10T15:55:02-0500,492,184,528,21
1010944,Magneto (Age of Apocalypse),2014-03-05T13:40:56-0500,9,5,10,1
1010945,Magneto (House of M),2014-03-05T13:40:48-0500,10,7,8,1
1010943,Magneto (Ultimate),2014-03-05T13:42:37-0500,36,10,51,0
1017477,Magneto (X-Men: Battle of the Atom),2014-01-15T19:43:09-0500,0,0,0,0
1010904,Magus (Adam Warlock),1969-12-31T19:00:00-0500,18,10,22,3
1011364,Magus (Technarch),1969-12-31T19:00:00-0500,4,2,4,0
1011085,Major Mapleleaf,1969-12-31T19:00:00-0500,0,0,0,0
1010725,Makkari,1969-12-31T19:00:00-0500,18,7,18,0
1009242,Malcolm Colcord,1969-12-31T19:00:00-0500,9,1,10,0
1013479,Malekith,2021-08-27T18:05:16-0400,17,15,18,0
1011229,Malice (Earth-161),1969-12-31T19:00:00-0500,0,0,0,0
1009420,Man-Thing,2011-05-13T14:31:28-0400,161,62,194,2
1010811,Man-Wolf,1969-12-31T19:00:00-0500,30,16,29,0
1009421,Mandarin,2014-04-29T14:23:39-0400,80,29,103,1
1011243,Mandrill,1969-12-31T19:00:00-0500,1,1,1,1
1009422,Mandroid,1969-12-31T19:00:00-0500,2,2,1,0
1009423,Manta,1969-12-31T19:00:00-0500,9,7,5,1
1011026,Mantis,2013-11-01T16:34:14-0400,62,17,68,4
1009424,Marauders,2013-12-17T17:48:07-0500,30,17,34,2
1015018,Marcus Van Sciver,2010-11-12T14:47:59-0500,0,0,0,0
1011335,Maria Hill,2014-05-30T14:29:18-0400,111,31,132,8
1009735,Mariko Yashida,1969-12-31T19:00:00-0500,24,14,24,1
1009425,Marrow,1969-12-31T19:00:00-0500,94,27,115,1
1011173,Marten Broadcloak,1969-12-31T19:00:00-0500,0,0,0,0
1011263,Martin Li,1969-12-31T19:00:00-0500,0,0,0,0
1011350,Marvel Apes,1969-12-31T19:00:00-0500,9,2,13,0
1009427,Marvel Boy,1969-12-31T19:00:00-0500,50,24,89,4
1011002,Marvel Zombies,2010-11-30T15:55:43-0500,37,13,49,0
1011495,Marvelman,2023-09-14T12:40:07-0400,13,4,28,0
1011417,Marvex,1969-12-31T19:00:00-0500,1,1,3,0
1009708,Mary Jane Watson,2016-07-11T11:13:42-0400,448,99,484,9
1010993,Mary Jane Watson (House of M),1969-12-31T19:00:00-0500,2,1,1,0
1011203,Mary Jane Watson (Ultimate),2011-05-03T13:02:57-0400,45,16,36,0
1010869,Masked Marvel (Unrevealed),1969-12-31T19:00:00-0500,3,2,2,0
1010367,Masque,1969-12-31T19:00:00-0500,35,12,34,3
1010732,Master Chief,2016-02-10T14:59:35-0500,6,3,6,0
1009433,Master Mold,1969-12-31T19:00:00-0500,9,7,9,0
1009434,Mastermind,2011-12-15T16:49:15-0500,45,20,42,1
1011279,Masters of Evil,1969-12-31T19:00:00-0500,24,8,23,0
1010877,Mathemanic,1969-12-31T19:00:00-0500,0,0,0,0
1009677,Matsu'o Tsurayaba,1969-12-31T19:00:00-0500,0,0,0,0
1009463,Matthew Murdock,1969-12-31T19:00:00-0500,29,14,36,1
1010793,Mattie Franklin,1969-12-31T19:00:00-0500,0,0,0,0
1009436,Mauler,1969-12-31T19:00:00-0500,5,4,7,0
1010947,Maverick (Chris Bradley),1969-12-31T19:00:00-0500,5,2,5,0
1009437,Maverick (Christoph Nord),1969-12-31T19:00:00-0500,10,4,9,0
1011305,Maximus,2013-11-01T16:34:10-0400,28,13,28,5
1009490,May Parker,2016-05-31T12:14:09-0400,171,43,188,5
1009438,Medusa,2016-07-08T15:02:13-0400,168,82,179,9
1011399,Meggan,-0001-11-30T00:00:00-0500,22,14,23,1
1009439,Meltdown,1969-12-31T19:00:00-0500,70,12,95,1
1011241,Menace,1969-12-31T19:00:00-0500,39,2,52,1
1011099,Mentallo,1969-12-31T19:00:00-0500,3,2,3,0
1011184,Mentor,1969-12-31T19:00:00-0500,2,2,2,1
1009440,Mephisto,2016-05-05T12:17:52-0400,124,56,141,3
1009441,Mephistopheles,1969-12-31T19:00:00-0500,0,0,0,0
1010681,Mercury,1969-12-31T19:00:00-0500,19,11,17,2
1009442,Mesmero,1969-12-31T19:00:00-0500,35,22,33,0
1009443,Metal Master,1969-12-31T19:00:00-0500,0,0,0,0
1010361,Meteorite,1969-12-31T19:00:00-0500,1,1,1,0
1011340,MI: 13,1969-12-31T19:00:00-0500,0,0,0,0
1009444,Micro/Macro,1969-12-31T19:00:00-0500,0,0,0,0
1010690,Microbe,1969-12-31T19:00:00-0500,6,1,12,0
1011134,Microchip,1969-12-31T19:00:00-0500,12,5,12,0
1010871,Micromax,1969-12-31T19:00:00-0500,6,4,5,0
1010891,Midnight (Earth-811),2010-11-02T17:54:21-0400,0,0,0,0
1010924,Miek,2013-11-01T16:30:56-0400,3,2,3,1
1009530,Mikhail Rasputin,1969-12-31T19:00:00-0500,11,6,14,1
1011192,Millenium Guard,1969-12-31T19:00:00-0500,0,0,0,0
1010894,Millie the Model,1969-12-31T19:00:00-0500,33,3,292,0
1009445,Mimic,1969-12-31T19:00:00-0500,36,13,41,1
1011204,Mindworm,1969-12-31T19:00:00-0500,1,1,2,0
1013727,Miracleman,2014-11-17T16:52:49-0500,6,6,6,0
1011424,Miss America,1969-12-31T19:00:00-0500,52,5,52,0
1009446,Mister Fear,1969-12-31T19:00:00-0500,4,3,5,0
1009447,Mister Sinister,2016-02-01T15:53:17-0500,132,62,134,6
1017318,Mister Sinister (Deadpool),2013-09-18T11:10:21-0400,0,0,0,0
1010948,Mister Sinister (House of M),1969-12-31T19:00:00-0500,0,0,0,0
1011254,Mister Sinister (Ultimate),1969-12-31T19:00:00-0500,3,1,6,0
1010682,Misty Knight,2016-09-27T09:17:07-0400,193,70,207,6
1011220,Mockingbird,2015-11-20T12:04:34-0500,91,42,93,5
1009410,Moira MacTaggert,2011-04-21T12:00:52-0400,43,27,38,3
1010941,Moira MacTaggert (Ultimate),1969-12-31T19:00:00-0500,2,1,4,0
1009448,Mojo,2014-03-07T20:01:43-0500,55,33,60,2
1009449,Mole Man,2012-03-20T12:18:14-0400,71,43,78,1
1011019,Molecule Man,2013-11-20T17:15:03-0500,10,7,11,1
1010691,Molly Hayes,2012-02-27T13:49:42-0500,17,10,15,2
1009541,Molly Von Richtofen,1969-12-31T19:00:00-0500,2,1,2,0
1011370,Molten Man,1969-12-31T19:00:00-0500,7,4,7,1
1010876,Mongoose,1969-12-31T19:00:00-0500,2,2,3,0
1009450,Mongu (Unrevealed),1969-12-31T19:00:00-0500,0,0,0,0
1010331,Monster Badoon,1969-12-31T19:00:00-0500,2,1,2,0
1017814,Moon Girl (Lunella Layfayette),2019-10-16T16:28:05-0400,109,36,112,1
1009452,Moon Knight,2016-03-18T16:31:20-0400,419,122,479,6
1010949,Moon Knight (House of M),1969-12-31T19:00:00-0500,1,1,1,0
1014998,Moon Knight (Ultimate),2012-07-11T09:22:11-0400,8,4,8,0
1009451,Moondragon,1969-12-31T19:00:00-0500,80,30,95,4
1010362,Moonstone,2014-04-29T14:50:49-0400,38,20,42,4
1009454,Morbius,2016-02-10T11:29:12-0500,112,46,125,3
1010902,Mordo,2016-07-26T12:55:01-0400,1,1,2,0
1009455,Morg,1969-12-31T19:00:00-0500,6,2,6,0
1013190,Morgan Le Fay,2021-08-27T17:32:48-0400,15,10,14,1
1009623,Morgan Stark,1969-12-31T19:00:00-0500,4,2,7,0
1011008,Morlocks,2014-05-23T11:45:28-0400,10,7,11,0
1011088,Morlun,2013-11-01T16:42:27-0400,13,6,18,2
1009456,Morph,1969-12-31T19:00:00-0500,21,12,23,1
1009457,Mother Askani,1969-12-31T19:00:00-0500,10,4,12,0
1009458,Mr. Bumpo,1969-12-31T19:00:00-0500,0,0,0,0
1009459,Mr. Fantastic,2016-02-11T10:51:21-0500,593,180,792,20
1010950,Mr. Fantastic (Ultimate),2014-03-05T13:42:53-0500,53,22,69,0
1010900,Mr. Fish,1969-12-31T19:00:00-0500,1,1,1,0
1009460,Mr. Fixit,1969-12-31T19:00:00-0500,26,3,40,1
1010347,Mr. Hyde,1969-12-31T19:00:00-0500,35,19,47,2
1010840,Mr. Immortal,1969-12-31T19:00:00-0500,6,3,6,0
1014984,Mr. Meugniot,2010-11-18T15:56:17-0500,0,0,0,0
1011244,Mr. Negative,2018-04-04T20:15:35-0400,28,9,33,2
1009461,Mr. Payback,1969-12-31T19:00:00-0500,0,0,0,0
1009462,Mr. X,2010-12-27T15:23:27-0500,8,6,7,0
1017824,Ms. America (America Chavez),2021-08-06T11:31:01-0400,82,27,82,1
1017577,Ms. Marvel (Kamala Khan),2016-04-29T15:02:56-0400,296,107,301,2
1011372,MS2,1969-12-31T19:00:00-0500,0,0,0,0
1011210,Mulholland Black,1969-12-31T19:00:00-0500,11,2,19,1
1011056,Multiple Man,2011-04-28T10:43:48-0400,62,17,72,2
1010826,MVP,1969-12-31T19:00:00-0500,4,3,6,1
1009464,Mysterio,2011-01-25T15:41:53-0500,93,37,103,1
1010951,Mysterio (Daniel Berkhart),1969-12-31T19:00:00-0500,0,0,0,0
1010952,Mysterio (Francis Klum),1969-12-31T19:00:00-0500,3,2,2,0
1009465,Mystique,2014-06-05T17:08:23-0400,232,86,277,10
1010953,Mystique (Age of Apocalypse),2013-11-20T17:14:59-0500,2,1,2,1
1010954,Mystique (House of M),1969-12-31T19:00:00-0500,1,1,1,1
1011129,Mystique (Ultimate),1969-12-31T19:00:00-0500,11,5,17,0
1013483,Nakia (Nakia),2017-08-24T16:48:01-0400,2,2,2,0
1009466,Namor,2016-05-26T09:29:39-0400,374,145,420,16
1009468,Namora,2016-02-03T10:19:18-0500,52,18,92,3
1009469,Namorita,2013-11-20T17:14:56-0500,69,23,77,7
1014978,Naoko,2010-11-18T15:50:39-0500,0,0,0,0
1009547,Natasha Romanoff,1969-12-31T19:00:00-0500,20,9,21,1
1010365,Nebula,2014-07-17T14:47:55-0400,33,19,32,2
1011302,Nehzno,1969-12-31T19:00:00-0500,0,0,0,0
1011422,Nekra,1969-12-31T19:00:00-0500,9,2,9,0
1011086,Nemesis,2004-04-14T00:00:00-0400,35,6,55,1
1010831,Network,1969-12-31T19:00:00-0500,0,0,0,0
1010815,New Goblin,1969-12-31T19:00:00-0500,0,0,0,0
1011336,New Mutants,2017-10-13T10:18:07-0400,307,63,485,16
1010683,New Warriors,2016-05-05T14:39:13-0400,128,22,166,4
1011271,New X-Men,2014-04-29T14:50:14-0400,46,12,52,1
1011269,Newton Destine,1969-12-31T19:00:00-0500,3,2,2,0
1011303,Next Avengers,1969-12-31T19:00:00-0500,1,1,1,0
1010685,Nextwave,1969-12-31T19:00:00-0500,13,2,12,0
1009471,Nick Fury,2016-02-10T10:01:27-0500,585,210,659,10
1017298,Nick Fury (LEGO Marvel Super Heroes),2013-09-12T17:37:19-0400,0,0,0,0
1011007,Nick Fury (Ultimate),1969-12-31T19:00:00-0500,85,34,108,0
1010746,Nico Minoru,1969-12-31T19:00:00-0500,29,13,28,1
1010706,Nicolaos,1969-12-31T19:00:00-0500,2,1,2,0
1011282,Night Nurse (Earth-9997),2010-11-02T18:46:33-0400,0,0,0,0
1014057,Night Nurse (Linda Carter),2021-08-27T17:46:06-0400,11,6,9,0
1010684,Night Thrasher,2017-08-24T16:58:26-0400,51,13,75,4
1014063,Night Thrasher (Dwayne Taylor),2017-08-24T16:58:59-0400,14,4,20,0
1009472,Nightcrawler,2013-10-17T15:06:41-0400,660,197,779,17
1011337,Nightcrawler (Ultimate),1969-12-31T19:00:00-0500,38,8,65,0
1010349,Nighthawk,2011-05-13T14:31:56-0400,59,24,62,1
1009473,Nightmare,2016-06-16T14:58:09-0400,68,31,82,4
1011124,Nightshade,1969-12-31T19:00:00-0500,4,3,4,0
1011409,Nine-Fold Daughters of Xao,1969-12-31T19:00:00-0500,1,1,1,0
1010797,Nitro,1969-12-31T19:00:00-0500,11,7,10,1
1009474,Nocturne,1969-12-31T19:00:00-0500,33,14,34,1
1009475,Nomad,2010-11-02T12:57:35-0400,24,13,26,0
1011427,Nomad (Rikki Barnes),2010-11-18T16:43:35-0500,20,5,20,0
1010955,Nomad (Steve Rogers),1969-12-31T19:00:00-0500,4,2,6,0
1009325,Norman Osborn,2013-07-18T13:46:24-0400,208,85,239,5
1010063,Norrin Radd,1969-12-31T19:00:00-0500,0,0,0,0
1009476,Northstar,2012-05-30T14:06:10-0400,109,32,125,6
1009477,Nova,2016-08-25T14:11:04-0400,195,69,272,11
1010956,Nova (Frankie Raye),2014-03-05T13:43:01-0500,8,6,8,0
1017078,Nova (Sam Alexander),2014-12-18T23:44:59-0500,116,22,119,4
1016837,Nova (USM),2013-09-18T15:55:09-0400,0,0,0,0
1010707,Nuke,1969-12-31T19:00:00-0500,12,7,14,0
1009620,Obadiah Stane,2011-11-23T16:52:16-0500,4,2,7,0
1009480,Odin,2014-06-12T16:01:36-0400,224,87,270,7
1009481,Ogun,1969-12-31T19:00:00-0500,8,5,10,0
1017840,Okoye,2017-08-24T16:49:45-0400,10,5,10,0
1010882,Old Lace,1969-12-31T19:00:00-0500,13,7,13,0
1017810,Old Man Logan (Earth-807128),2021-08-27T21:34:01-0400,159,44,160,1
1014160,Omega (Michael Pointer),2021-08-27T21:38:43-0400,1,1,2,1
1010757,Omega Flight,1969-12-31T19:00:00-0500,10,3,13,1
1009482,Omega Red,1969-12-31T19:00:00-0500,66,24,73,1
1011329,Omega Sentinel,2013-04-05T19:55:06-0400,2,2,2,0
1011123,Omega the Unknown,1969-12-31T19:00:00-0500,17,6,16,0
1009483,Onslaught,2014-04-29T14:14:34-0400,46,27,41,1
1011255,Onslaught (Ultimate),1969-12-31T19:00:00-0500,0,0,0,0
1009484,Oracle,1969-12-31T19:00:00-0500,20,13,12,0
1011202,Ord,1969-12-31T19:00:00-0500,11,5,9,0
1009485,Orphan,1969-12-31T19:00:00-0500,14,2,22,0
1010957,Orphan-Maker,1969-12-31T19:00:00-0500,24,3,24,1
1009479,Otto Octavius,2012-01-31T15:41:51-0500,34,12,34,1
1014198,Outlaw (Inez Temple),2021-08-27T21:44:22-0400,14,6,14,0
1011228,Outlaw Kid,1969-12-31T19:00:00-0500,3,1,3,0
1010332,Overlord,1969-12-31T19:00:00-0500,0,0,0,0
1011028,Owl,1969-12-31T19:00:00-0500,21,18,23,1
1009488,Ozymandias,2010-12-10T17:17:11-0500,15,12,11,1
1011150,Paibok,1969-12-31T19:00:00-0500,4,2,7,0
1010873,Paladin,2014-04-29T14:51:16-0400,25,15,26,2
1010708,Pandemic,1969-12-31T19:00:00-0500,2,2,1,0
1011321,Paper Doll,1969-12-31T19:00:00-0500,3,1,4,0
1010357,Patch,1969-12-31T19:00:00-0500,5,2,5,0
1009492,Patriot,2011-03-10T14:50:29-0500,81,16,82,2
1011351,Payback,1969-12-31T19:00:00-0500,0,0,0,0
1017857,Peggy Carter (Captain Carter),2022-05-03T11:41:04-0400,17,9,17,0
1014267,Penance (Monet St. Croix),2021-08-19T00:00:58-0400,21,7,21,0
1009493,Penance (Robert Baldwin),2013-10-24T13:29:17-0400,67,20,84,6
1009494,Pepper Potts,2015-11-23T17:45:15-0500,85,20,122,2
1009495,Pestilence,1969-12-31T19:00:00-0500,10,2,13,1
1011388,Pet Avengers,2011-07-19T15:56:51-0400,15,4,25,0
1010779,Pete Wisdom,-0001-11-30T00:00:00-0500,24,11,24,0
1009491,Peter Parker,2021-07-01T15:07:31-0400,199,38,208,4
1010734,Peter Quill,1969-12-31T19:00:00-0500,8,6,7,1
1011021,Phalanx,2013-11-01T16:41:45-0400,4,3,4,0
1011419,Phantom Reporter,2011-11-07T15:36:13-0500,2,2,2,0
1017839,Phil Coulson (Phil Coulson),2017-08-24T12:56:20-0400,4,4,7,0
1011369,Phil Sheldon,1969-12-31T19:00:00-0500,8,3,14,0
1014318,Phoenix Force,2021-08-23T23:19:13-0400,16,8,17,0
1011045,Photon,1969-12-31T19:00:00-0500,33,12,36,0
1010741,Phyla-Vell,1969-12-31T19:00:00-0500,7,3,7,0
1010886,Piledriver,1969-12-31T19:00:00-0500,6,3,5,0
1010762,Pip,1969-12-31T19:00:00-0500,19,10,18,1
1011179,Pixie,2012-12-20T13:26:34-0500,53,15,54,4
1009498,Plazm,1969-12-31T19:00:00-0500,2,2,2,0
1009499,Polaris,2013-11-01T16:43:39-0400,285,76,329,10
1009501,Post,1969-12-31T19:00:00-0500,13,8,11,1
1016840,Power Man (USM),2013-09-18T15:54:58-0400,0,0,0,0
1010770,Power Pack,2013-11-20T17:14:55-0500,142,39,170,4
1011151,Praxagora,1969-12-31T19:00:00-0500,3,1,3,1
1011152,Preak,1969-12-31T19:00:00-0500,3,1,3,1
1009502,Pretty Boy,2024-08-06T15:36:21-0400,3,2,2,0
1011104,Pride,1969-12-31T19:00:00-0500,10,5,10,0
1014989,Prima,2010-11-18T16:00:31-0500,0,0,0,0
1011234,Prince of Orphans,2012-06-08T11:46:53-0400,11,3,16,1
1010750,Princess Powerful,1969-12-31T19:00:00-0500,0,0,0,0
1009503,Prism,1969-12-31T19:00:00-0500,5,4,5,1
1011030,Prodigy,2014-04-29T14:18:25-0400,28,9,30,3
1014434,Prodigy (David Alleyne),2021-08-12T23:33:40-0400,21,6,28,0
1011153,Proemial Gods,1969-12-31T19:00:00-0500,0,0,0,0
1011378,Professor Monster,1969-12-31T19:00:00-0500,0,0,0,0
1009504,Professor X,2013-11-20T17:14:37-0500,436,142,443,15
1010958,Professor X (Ultimate),2013-07-18T13:53:49-0400,16,1,18,0
1009505,Proteus,2014-04-29T14:23:50-0400,16,10,14,1
1010960,Proteus (House of M),1969-12-31T19:00:00-0500,0,0,0,0
1010959,Proteus (Ultimate),1969-12-31T19:00:00-0500,5,3,3,0
1009506,Proudstar,1969-12-31T19:00:00-0500,5,3,6,0
1009507,Prowler,1969-12-31T19:00:00-0500,30,13,28,3
1010961,Prowler (Rick Lawson),1969-12-31T19:00:00-0500,0,0,0,0
1009511,Psycho-Man,2011-10-10T16:38:33-0400,14,9,13,0
1009512,Psylocke,2015-07-28T19:24:17-0400,461,110,533,21
1009510,PsyNapse,1969-12-31T19:00:00-0500,4,2,4,0
1009513,Puck,2012-09-17T13:21:57-0400,76,21,92,2
1010962,Puck (Zuzha Yu),1969-12-31T19:00:00-0500,12,1,24,0
1010865,Puff Adder,1969-12-31T19:00:00-0500,0,0,0,0
1011165,pug,1969-12-31T19:00:00-0500,0,0,0,0
1009514,Puma,1969-12-31T19:00:00-0500,31,13,35,2
1009515,Punisher,2017-08-24T11:20:12-0400,772,221,980,9
1009517,Punisher (2099),2014-03-05T13:43:05-0500,6,5,6,0
1017306,Punisher (Marvel: Avengers Alliance),2013-09-18T10:16:29-0400,0,0,0,0
1009519,Puppet Master,1969-12-31T19:00:00-0500,42,22,50,1
1011207,Purifiers,2013-11-01T16:41:38-0400,12,5,16,2
1009520,Purple Man,2011-06-14T17:29:03-0400,30,17,29,2
1009522,Pyro,2013-10-15T19:40:03-0400,59,24,64,5
1014528,Quake (Daisy Johnson),2017-08-24T16:53:55-0400,39,12,40,5
1009523,Quasar (Phyla-Vell),2013-11-01T16:41:34-0400,113,33,115,7
1010778,Quasar (Wendell Vaughn),2013-11-01T16:41:29-0400,99,20,100,9
1010334,Quasimodo,1969-12-31T19:00:00-0500,10,9,9,0
1011191,Queen Noir,1969-12-31T19:00:00-0500,0,0,0,0
1009387,Quentin Quire,2014-02-07T13:41:04-0500,81,17,82,4
1009524,Quicksilver,2014-03-05T13:43:15-0500,389,137,410,11
1010964,Quicksilver (Age of Apocalypse),2013-11-20T17:25:52-0500,4,3,3,1
1010963,Quicksilver (Ultimate),2014-03-05T13:43:21-0500,32,13,48,0
1009430,Rachel Grey,2013-11-01T16:41:25-0400,98,35,105,8
1009526,Radioactive Man,1969-12-31T19:00:00-0500,31,21,28,2
1011280,Rafael Vega,1969-12-31T19:00:00-0500,0,0,0,0
1010817,Rage,1969-12-31T19:00:00-0500,38,9,44,5
1009527,Raider,1969-12-31T19:00:00-0500,0,0,0,0
1009528,Randall,1969-12-31T19:00:00-0500,7,3,11,0
1011326,Randall Flagg,1969-12-31T19:00:00-0500,1,1,1,0
1010767,Random,1969-12-31T19:00:00-0500,3,3,2,0
1010838,Rattler,1969-12-31T19:00:00-0500,0,0,0,0
1011154,Ravenous,1969-12-31T19:00:00-0500,5,2,5,1
1010892,Rawhide Kid,1969-12-31T19:00:00-0500,125,7,375,0
1009531,Raza,-0001-11-30T00:00:00-0500,35,13,31,2
1009532,Reaper,1969-12-31T19:00:00-0500,18,8,21,1
1009533,Reavers,1969-12-31T19:00:00-0500,16,5,15,0
1015000,Reavers (Ultimate),2012-07-11T09:37:35-0400,2,2,1,0
1011249,Red 9,1969-12-31T19:00:00-0500,0,0,0,0
1009534,Red Ghost,2014-04-29T14:51:08-0400,14,12,15,0
1011238,Red Ghost (Ultimate),1969-12-31T19:00:00-0500,0,0,0,0
1014666,Red Guardian (Alexei Shostakov),2021-08-12T23:02:57-0400,7,5,6,0
1011360,Red Hulk,2016-02-11T10:09:51-0500,100,28,136,5
1017099,Red Hulk (HAS),2013-09-18T15:53:53-0400,1,1,1,0
1011436,Red She-Hulk,2014-04-10T14:34:02-0400,41,10,44,4
1011155,Red Shift,1969-12-31T19:00:00-0500,2,1,2,1
1009535,Red Skull,2016-06-02T12:20:31-0400,179,90,214,7
1010965,Red Skull (Albert Malik),1969-12-31T19:00:00-0500,0,0,0,0
1010837,Red Wolf,1969-12-31T19:00:00-0500,24,11,27,1
1011390,Redwing,2010-12-20T13:56:41-0500,26,10,36,0
1011376,Reptil,2012-03-21T15:04:41-0400,58,11,69,3
1011189,Retro Girl,1969-12-31T19:00:00-0500,1,1,1,0
1011330,Revanche,2024-08-06T15:33:37-0400,1,1,1,0
1009537,Rhino,1969-12-31T19:00:00-0500,77,47,88,2
1009702,Rhodey,1969-12-31T19:00:00-0500,12,7,18,0
1011401,Richard Fisk,1969-12-31T19:00:00-0500,0,0,0,0
1009379,Rick Jones,2013-11-01T16:41:20-0400,204,45,271,6
1015006,Rick Jones (Ultimate),2012-07-16T14:52:14-0400,0,0,0,0
1011348,Ricochet,1969-12-31T19:00:00-0500,7,2,7,0
1009542,Rictor,2016-02-03T15:21:53-0500,119,24,126,5
1009543,Riptide,1969-12-31T19:00:00-0500,11,7,9,2
1009544,Risque,1969-12-31T19:00:00-0500,13,5,12,1
1009545,Robbie Robertson,1969-12-31T19:00:00-0500,69,24,71,1
1010792,Robert Baldwin ,1969-12-31T19:00:00-0500,0,0,0,0
1009235,Robin Chapel,1969-12-31T19:00:00-0500,0,0,0,0
1010744,Rocket Raccoon,2014-07-17T17:32:43-0400,156,58,166,4
1017314,Rocket Raccoon (Marvel Heroes),2013-09-18T10:53:15-0400,0,0,0,0
1010769,Rocket Racer,1969-12-31T19:00:00-0500,1,1,1,0
1010692,Rockslide,1969-12-31T19:00:00-0500,27,14,31,3
1009546,Rogue,2016-02-01T14:50:44-0500,665,172,821,25
1010967,Rogue (Age of Apocalypse),2013-11-20T17:28:13-0500,9,4,9,1
1017319,Rogue (Deadpool),2013-09-18T11:10:33-0400,0,0,0,0
1010966,Rogue (Ultimate),2014-03-05T13:50:28-0500,36,9,60,0
1017478,Rogue (X-Men: Battle of the Atom),2014-01-15T19:43:59-0500,0,0,0,0
1010781,Roland Deschain,2004-04-14T00:00:00-0400,10,6,10,0
1011398,Romulus,1969-12-31T19:00:00-0500,22,7,23,1
1010344,Ronan,2014-07-17T16:45:26-0400,58,27,64,5
1010710,Ronin,2021-08-18T21:41:44-0400,16,10,17,2
1011117,Roughhouse,1969-12-31T19:00:00-0500,7,3,5,0
1009549,Roulette,1969-12-31T19:00:00-0500,1,1,2,0
1009595,Roxanne Simpson,1969-12-31T19:00:00-0500,0,0,0,0
1009311,Rumiko Fujikawa,1969-12-31T19:00:00-0500,8,1,13,0
1010747,Runaways,2016-07-27T14:46:35-0400,140,38,173,1
1009551,Russian,1969-12-31T19:00:00-0500,0,0,0,0
1009552,S.H.I.E.L.D.,2017-05-04T14:41:42-0400,177,77,206,1
1009553,Sabra,2011-06-15T11:02:26-0400,23,14,23,0
1009554,Sabretooth,2014-01-27T16:04:53-0500,347,122,371,8
1010969,Sabretooth (Age of Apocalypse),2016-02-01T12:56:47-0500,20,6,21,1
1010970,Sabretooth (House of M),2016-05-25T11:00:33-0400,1,1,1,1
1010968,Sabretooth (Ultimate),2011-05-24T09:57:30-0400,23,7,40,0
1009555,Sage,1969-12-31T19:00:00-0500,46,17,51,0
1011325,Salem's Seven (Ultimate),1969-12-31T19:00:00-0500,4,1,8,0
1011126,Sally Floyd,1969-12-31T19:00:00-0500,7,3,6,1
1011156,Salo,1969-12-31T19:00:00-0500,1,1,1,1
1009558,Sandman,1969-12-31T19:00:00-0500,120,49,154,0
1010711,Santa Claus,1969-12-31T19:00:00-0500,2,2,4,0
1009559,Saracen (Muzzafar Lambert),1969-12-31T19:00:00-0500,0,0,0,0
1009560,Sasquatch (Walter Langkowski),2011-09-08T13:22:13-0400,96,35,114,4
1011035,Satana,2013-10-31T14:03:17-0400,35,17,48,0
1009561,Sauron,2014-10-03T17:03:12-0400,63,27,67,1
1011048,Scalphunter,2021-07-27T15:50:30-0400,28,9,28,2
1010861,Scarecrow (Ebenezer Laughton),1969-12-31T19:00:00-0500,15,13,15,0
1011197,Scarlet Spider (Ben Reilly),2012-01-31T11:54:31-0500,78,30,82,0
1011426,Scarlet Spider (Kaine),2012-12-14T11:49:34-0500,87,22,94,1
1009562,Scarlet Witch,2016-06-16T14:23:56-0400,587,201,662,17
1010972,Scarlet Witch (Age of Apocalypse),2014-05-02T17:07:06-0400,0,0,0,0
1017308,Scarlet Witch (Marvel Heroes),2013-09-18T10:52:50-0400,0,0,0,0
1010971,Scarlet Witch (Ultimate),2014-03-05T13:51:08-0500,29,14,41,0
1010790,Scorpion (Carmilla Black),1969-12-31T19:00:00-0500,9,3,9,1
1009563,Scorpion (Mac Gargan),2021-08-18T21:29:05-0400,38,18,37,1
1011079,Scorpion (Ultimate),2016-02-11T10:01:46-0500,1,1,1,0
1009565,Scourge,1969-12-31T19:00:00-0500,8,5,9,0
1011230,Scrambler,1969-12-31T19:00:00-0500,2,2,2,1
1009566,Scream (Donna Diego),1969-12-31T19:00:00-0500,10,5,10,0
1011242,Screwball,2016-06-07T12:58:43-0400,9,4,14,0
1009581,Sebastian Shaw,2012-02-10T13:36:35-0500,42,23,43,5
1011368,Secret Warriors,2015-10-01T11:12:41-0400,43,8,70,3
1009568,Selene,1969-12-31T19:00:00-0500,28,16,29,1
1009569,Senator Kelly,2012-02-02T13:50:36-0500,1,1,1,0
1009570,Sentinel,2011-10-21T12:56:02-0400,65,28,67,5
1011323,Sentinels,2014-02-16T11:14:04-0500,62,33,58,4
1009571,Sentry (Robert Reynolds),2013-10-24T13:38:51-0400,114,47,122,7
1011167,Ser Duncan,1969-12-31T19:00:00-0500,1,1,1,0
1009572,Serpent Society,1969-12-31T19:00:00-0500,10,8,11,3
1010345,Sersi,2013-11-20T17:28:09-0500,58,24,61,1
1009573,Shadow King,2011-04-13T12:11:28-0400,32,17,30,2
1010973,Shadow King (Age of Apocalypse),2014-04-29T14:10:55-0400,2,1,2,1
1009574,Shadowcat,2011-09-28T10:40:25-0400,15,11,15,0
1010975,Shadowcat (Age of Apocalypse),2014-04-29T14:11:09-0400,10,1,10,0
1010974,Shadowcat (Ultimate),1969-12-31T19:00:00-0500,9,5,13,0
1011406,Shadu the Shady,1969-12-31T19:00:00-0500,1,1,1,0
1009575,Shalla-bal,2010-12-08T18:26:59-0500,11,4,11,0
1009576,Shaman,2011-11-21T15:49:40-0500,48,11,54,2
1014979,Shane Yamada-Jones,2010-11-18T15:51:48-0500,0,0,0,0
1009577,Shang-Chi,2016-02-04T11:37:40-0500,271,72,282,6
1015001,Shang-Chi (Ultimate),2012-07-11T09:41:13-0400,8,5,10,0
1009578,Shanna the She-Devil,2011-04-01T11:16:00-0400,75,30,92,1
1010712,Shape,1969-12-31T19:00:00-0500,5,4,6,0
1009579,Shard,1969-12-31T19:00:00-0500,28,5,34,1
1009228,Sharon Carter,2016-04-20T16:10:50-0400,127,51,154,4
1010895,Sharon Ventura,1969-12-31T19:00:00-0500,9,4,17,0
1009580,Shatterstar,2012-03-26T15:20:50-0400,137,36,162,5
1017111,She-Hulk (HAS),2013-09-18T15:53:40-0400,1,1,1,0
1009583,She-Hulk (Jennifer Walters),2016-04-29T15:31:44-0400,554,180,628,16
1011392,She-Hulk (Lyra),2016-02-03T10:57:02-0500,24,6,32,3
1017331,She-Hulk (Marvel War of Heroes),2013-09-18T10:58:59-0400,0,0,0,0
1011393,She-Hulk (Ultimate),2014-03-05T13:47:50-0500,2,2,2,0
1015035,Shen,2010-11-12T13:05:50-0500,0,0,0,0
1011168,Sheva Callister,1969-12-31T19:00:00-0500,0,0,0,0
1011093,Shi'Ar,2014-06-18T12:40:30-0400,18,11,18,1
1011381,Shinko Yamashiro,1969-12-31T19:00:00-0500,0,0,0,0
1009582,Shinobi Shaw,1969-12-31T19:00:00-0500,5,3,6,0
1009584,Shiva,1969-12-31T19:00:00-0500,6,4,5,0
1011394,Shiver Man,1969-12-31T19:00:00-0500,1,1,1,0
1009585,Shocker (Herman Schultz),2012-12-27T15:35:29-0500,40,27,45,4
1010858,Shockwave,1969-12-31T19:00:00-0500,5,2,5,0
1010824,Shooting Star,1969-12-31T19:00:00-0500,1,1,1,0
1009586,Shotgun,1969-12-31T19:00:00-0500,4,4,3,0
1009587,Shriek,2013-11-20T17:27:36-0500,12,4,13,1
1009588,Sif,2015-03-09T17:40:25-0400,173,49,182,2
1010848,Silhouette,2011-03-30T16:47:32-0400,8,5,10,2
1017815,Silk (Cindy Moon),2021-08-05T15:34:51-0400,89,25,90,1
1010856,Silk Fever,1969-12-31T19:00:00-0500,0,0,0,0
1010339,Silver Centurion,1969-12-31T19:00:00-0500,0,0,0,0
1009589,Silver Fox,1969-12-31T19:00:00-0500,14,4,18,0
1009590,Silver Sable,2014-04-29T14:51:32-0400,82,36,88,0
1009591,Silver Samurai,2013-07-26T22:23:44-0400,39,22,32,0
1010976,Silver Samurai (Age of Apocalypse),2014-04-29T15:00:49-0400,13,2,13,0
1009592,Silver Surfer,2013-11-07T10:48:53-0500,578,193,832,16
1010864,Silverclaw,1969-12-31T19:00:00-0500,21,6,22,0
1009594,Silvermane,1969-12-31T19:00:00-0500,18,11,16,1
1010898,Sin,2013-10-24T14:19:06-0400,56,17,71,3
1011265,Sinister Six,2013-12-26T14:24:53-0500,38,12,43,1
1014975,Sir Ram,2010-11-18T15:48:19-0500,0,0,0,0
1010834,Siren (Earth-93060),1969-12-31T19:00:00-0500,0,0,0,0
1010745,Sister Grimm,1969-12-31T19:00:00-0500,7,3,7,1
1011223,Skaar,2014-02-18T17:33:21-0500,82,15,101,3
1017101,Skaar (HAS),2013-09-18T15:53:28-0400,1,1,1,0
1009598,Skin,1969-12-31T19:00:00-0500,13,8,14,1
1011157,Skreet,1969-12-31T19:00:00-0500,5,3,4,1
1009599,Skrulls,2016-05-26T10:59:51-0400,156,66,165,5
1015002,Skrulls (Ultimate),2012-07-11T11:09:44-0400,2,2,2,0
1009600,Skullbuster (Cylla Markham),1969-12-31T19:00:00-0500,3,3,3,0
1011057,Slapstick,1969-12-31T19:00:00-0500,32,10,35,5
1011070,Slayback,1969-12-31T19:00:00-0500,1,1,1,0
1009601,Sleeper,1969-12-31T19:00:00-0500,8,5,8,0
1010761,Sleepwalker,1969-12-31T19:00:00-0500,17,9,17,1
1009602,Slipstream,1969-12-31T19:00:00-0500,5,2,5,0
1010874,Slyde,1969-12-31T19:00:00-0500,1,1,1,0
1009603,Smasher (Vril Rokk),1969-12-31T19:00:00-0500,17,11,10,1
1010845,Smiling Tiger,1969-12-31T19:00:00-0500,0,0,0,0
1009606,Snowbird,2011-11-21T15:48:50-0500,48,12,68,3
1010855,Solo (James Bourne),1969-12-31T19:00:00-0500,21,10,20,1
1010693,Songbird,2011-08-11T12:06:21-0400,43,14,48,2
1011373,Sons of the Tiger,1969-12-31T19:00:00-0500,21,4,22,0
1009607,Spacker Dave,1969-12-31T19:00:00-0500,0,0,0,0
1010705,Spectrum,2013-08-30T11:37:35-0400,47,20,47,1
1010833,Speed,2011-03-10T15:01:36-0500,17,12,18,3
1011032,Speed Demon,2012-12-27T15:36:11-0500,7,5,8,0
1010694,Speedball (Robert Baldwin),2017-08-24T17:00:17-0400,42,13,51,3
1009605,Spencer Smythe,1969-12-31T19:00:00-0500,7,3,7,0
1011366,Sphinx (Anath-Na Mut),1969-12-31T19:00:00-0500,0,0,0,0
1010727,Spider-dok,1969-12-31T19:00:00-0500,0,0,0,0
1009157,Spider-Girl (Anya Corazon),2016-02-22T15:16:25-0500,71,19,80,2
1009609,Spider-Girl (May Parker),2016-03-02T11:04:46-0500,196,38,313,1
1017603,Spider-Gwen (Gwen Stacy),2021-06-30T17:29:14-0400,170,57,173,2
1011347,Spider-Ham (Larval Earth),2015-03-26T13:33:09-0400,66,25,67,0
1011054,Spider-Man (1602),2014-03-05T13:47:38-0500,44,5,79,0
1014873,Spider-Man (2099),2016-06-08T12:29:32-0400,104,32,105,0
1016452,Spider-Man (Ai Apaec),2012-08-06T16:22:54-0400,15,2,29,0
1014858,Spider-Man (Ben Reilly),2014-03-05T13:48:42-0500,66,21,68,1
1012200,Spider-Man (House of M),2014-03-05T13:49:00-0500,0,0,0,0
1017332,Spider-Man (LEGO Marvel Super Heroes),2013-09-18T11:21:05-0400,0,0,0,0
1011114,Spider-Man (Marvel Zombies),2014-03-05T13:53:01-0500,8,4,8,0
1017305,Spider-Man (Marvel: Avengers Alliance),2013-09-18T10:16:10-0400,0,0,0,0
1016181,Spider-Man (Miles Morales),2016-02-11T10:01:29-0500,467,132,481,2
1012295,Spider-Man (Noir),2015-03-26T13:33:16-0400,21,7,22,0
1009610,Spider-Man (Peter Parker),2021-06-30T17:32:26-0400,4506,1220,6528,37
1011377,Spider-Man (Takuya Yamashiro),2012-08-06T16:27:55-0400,0,0,0,0
1011010,Spider-Man (Ultimate),2014-03-05T13:50:46-0500,270,46,362,0
1010795,Spider-Woman (Charlotte Witter),2014-03-05T13:49:34-0500,13,7,16,1
1009608,Spider-Woman (Jessica Drew),2016-04-26T15:26:56-0400,344,107,358,14
1010794,Spider-Woman (Mattie Franklin),2014-03-05T13:50:37-0500,17,6,17,1
1009614,Spiral (Rita Wayword),1969-12-31T19:00:00-0500,49,21,52,4
1011158,Spirit,1969-12-31T19:00:00-0500,0,0,0,0
1010899,Spitfire,2011-02-08T19:12:56-0500,29,14,33,1
1009616,Spot,1969-12-31T19:00:00-0500,26,12,30,2
1011180,Sprite,1969-12-31T19:00:00-0500,0,0,0,0
1009617,Spyke,1969-12-31T19:00:00-0500,0,0,0,0
1014905,Squadron Sinister,2015-01-08T15:06:31-0500,9,3,9,0
1010814,Squadron Supreme (Earth-712),1969-12-31T19:00:00-0500,52,17,68,0
1010860,Squirrel Girl,2016-07-26T10:13:42-0400,127,49,130,2
1009618,Stacy X,2012-11-09T15:14:06-0500,37,19,36,1
1015003,Stacy X (Ultimate),2012-07-11T11:12:29-0400,2,1,2,0
1011307,Star Brand,1969-12-31T19:00:00-0500,31,11,46,1
1010733,Star-Lord (Peter Quill),2014-07-14T20:45:53-0400,114,43,157,4
1009621,Starbolt,1969-12-31T19:00:00-0500,9,6,6,1
1010764,Stardust,2012-01-24T21:17:49-0500,2,2,2,1
1011084,Starfox,2011-02-04T12:05:05-0500,41,18,44,1
1011341,Starhawk (Stakar Ogord),1969-12-31T19:00:00-0500,29,2,48,0
1011078,Starjammers,2014-06-26T13:04:26-0400,33,19,31,0
1009622,Stark Industries,1969-12-31T19:00:00-0500,0,0,0,0
1010828,Stature,2013-11-01T16:50:16-0400,32,13,30,3
1010889,Steel Serpent (Davos),1969-12-31T19:00:00-0500,16,5,19,0
1012230,Stegron,2021-08-27T17:18:29-0400,6,4,7,0
1011159,Stellaris,1969-12-31T19:00:00-0500,2,1,4,0
1009625,Stepford Cuckoos,2011-10-19T10:50:11-0400,47,15,48,5
1009615,Stephanie de la Spiroza,1969-12-31T19:00:00-0500,0,0,0,0
1010901,Stephen Strange,1969-12-31T19:00:00-0500,10,6,12,1
1010326,Steve Rogers,2011-03-04T15:44:59-0500,44,26,41,1
1009626,Stick,1969-12-31T19:00:00-0500,17,7,19,1
1009627,Stilt-Man (Wibur Day),1969-12-31T19:00:00-0500,12,11,14,0
1009628,Stingray (Walter Newell),1969-12-31T19:00:00-0500,33,15,35,2
1010327,Stone Men,1969-12-31T19:00:00-0500,0,0,0,0
1009629,Storm,2016-05-26T11:50:27-0400,918,235,1064,31
1010979,Storm (Age of Apocalypse),2014-03-05T13:57:02-0500,12,3,11,1
1017309,Storm (Marvel Heroes),2013-09-18T10:52:33-0400,0,0,0,0
1010978,Storm (Ultimate),2014-03-05T13:58:04-0500,68,14,122,0
1011062,Stranger,1969-12-31T19:00:00-0500,8,7,6,0
1011051,Strong Guy,2011-11-08T11:46:04-0500,75,15,81,2
1009632,Stryfe,2013-11-01T16:50:51-0400,49,21,55,1
1011225,Stryfe (Ultimate),1969-12-31T19:00:00-0500,0,0,0,0
1010791,Sub-Mariner,2013-09-27T16:50:47-0400,590,184,808,13
1009631,Sue Storm,2013-10-24T13:41:17-0400,41,16,59,1
1011212,Sugar Man,2013-11-01T16:50:49-0400,4,2,4,1
1009635,Sumo,1969-12-31T19:00:00-0500,4,2,4,0
1009636,Sunfire,2014-05-01T15:08:48-0400,91,39,102,6
1010981,Sunfire (Age of Apocalypse),2014-05-01T15:09:00-0400,7,3,6,1
1009637,Sunset Bain,1969-12-31T19:00:00-0500,9,2,9,0
1009638,Sunspot,2011-07-14T14:28:50-0400,210,65,234,12
1015280,Super Hero Squad,2011-04-25T19:09:38-0400,16,5,30,0
1011022,Super-Adaptoid,1969-12-31T19:00:00-0500,12,9,15,0
1009639,Super-Skrull,2013-11-01T16:51:40-0400,33,24,37,3
1011232,Supernaut,1969-12-31T19:00:00-0500,11,2,19,1
1011160,Supreme Intelligence,2013-12-17T17:37:00-0500,15,6,17,0
1010695,Surge,2011-10-19T10:49:27-0400,27,10,36,1
1011477,Surtur,2021-08-13T00:16:44-0400,15,8,20,2
1011172,Susan Delgado,1969-12-31T19:00:00-0500,0,0,0,0
1011075,Swarm,1969-12-31T19:00:00-0500,2,2,2,0
1011017,Sway,1969-12-31T19:00:00-0500,1,1,1,0
1009640,Switch,1969-12-31T19:00:00-0500,8,2,12,0
1017852,Sword Master (Sword Master),2021-08-27T22:12:45-0400,26,8,26,0
1009641,Swordsman,2014-04-29T14:51:47-0400,62,25,58,4
1010982,Swordsman (Jacques Duquesne),2021-07-26T13:56:16-0400,4,2,4,1
1009642,Sym,1969-12-31T19:00:00-0500,2,1,3,0
1009643,Synch,1969-12-31T19:00:00-0500,24,13,24,1
1009644,T'Challa,2012-05-23T12:12:57-0400,8,5,7,0
1011042,Tag,1969-12-31T19:00:00-0500,9,4,12,0
1009646,Talisman (Elizabeth Twoyoungmen),1969-12-31T19:00:00-0500,10,2,10,1
1010753,Talkback (Chase Stein),1969-12-31T19:00:00-0500,6,3,6,1
1011395,Talon (Fraternity of Raptors),1969-12-31T19:00:00-0500,1,1,1,0
1011161,Talos,1969-12-31T19:00:00-0500,1,1,1,1
1011149,Tana Nile,1969-12-31T19:00:00-0500,6,2,6,1
1010713,Tarantula (Luis Alvarez),1969-12-31T19:00:00-0500,6,3,7,1
1011854,Tarantula (Maria Vasquez),2021-08-27T22:05:20-0400,2,1,2,0
1009647,Tarot,1969-12-31T19:00:00-0500,5,2,6,0
1009648,Taskmaster,2013-10-24T13:29:31-0400,117,50,138,6
1011115,Tattoo,1969-12-31T19:00:00-0500,0,0,0,0
1011896,Taurus (Cornelius van Lunt),2021-08-27T22:16:58-0400,1,1,1,0
1013504,Technarchy,2021-08-27T22:14:12-0400,0,0,0,0
1011000,Ted Forrester,1969-12-31T19:00:00-0500,0,0,0,0
1009650,Tempest,1969-12-31T19:00:00-0500,23,13,26,2
1011162,Tenebrous,1969-12-31T19:00:00-0500,2,1,2,1
1009651,Terrax,2011-09-23T11:18:20-0400,30,21,31,1
1011034,Terror,1969-12-31T19:00:00-0500,13,5,13,1
1010819,Texas Twister,1969-12-31T19:00:00-0500,3,3,4,0
1011003,Thaddeus Ross,2013-08-20T21:16:14-0400,13,2,24,0
1009652,Thanos,2016-05-05T15:35:19-0400,300,147,326,8
1015004,Thanos (Ultimate),2014-03-05T13:56:27-0500,5,2,7,0
1011083,The 198,2013-07-22T14:59:21-0400,0,0,0,0
1009653,The Anarchist,1969-12-31T19:00:00-0500,2,2,5,0
1009654,The Call,1969-12-31T19:00:00-0500,0,0,0,0
1010714,The Captain,2012-03-19T12:23:12-0400,0,0,0,0
1012080,The Collector (Taneleer Tivan),2021-08-18T23:12:01-0400,24,20,26,0
1011294,The Enforcers,1969-12-31T19:00:00-0500,2,2,3,0
1010728,The Executioner,1969-12-31T19:00:00-0500,0,0,0,0
1009655,The Fallen,1969-12-31T19:00:00-0500,0,0,0,0
1011219,The Fury,1969-12-31T19:00:00-0500,1,1,1,0
1010359,The Hand,2013-12-26T14:25:22-0500,43,23,54,4
1010715,The Hood,2016-05-25T12:01:51-0400,46,14,48,3
1011295,The Howling Commandos,2015-09-30T12:27:59-0400,4,2,4,0
1014986,The Hunter,2010-11-18T15:58:03-0500,0,0,0,0
1010998,The Initiative,2013-11-01T16:24:13-0400,18,2,24,2
1017103,The Leader (HAS),2013-09-18T15:53:04-0400,0,0,0,0
1011216,The Liberteens,1969-12-31T19:00:00-0500,1,1,2,1
1011215,The Liberty Legion,1969-12-31T19:00:00-0500,0,0,0,0
1011018,The Order,1969-12-31T19:00:00-0500,18,3,27,1
1009656,The Phantom,1969-12-31T19:00:00-0500,0,0,0,0
1009657,The Professor,1969-12-31T19:00:00-0500,6,2,5,0
1011211,The Renegades,1969-12-31T19:00:00-0500,2,2,1,1
1011110,The Santerians,1969-12-31T19:00:00-0500,0,0,0,0
1009658,The Shiver Man,1969-12-31T19:00:00-0500,0,0,0,0
1009659,The Spike,1969-12-31T19:00:00-0500,0,0,0,0
1009660,The Stranger,1969-12-31T19:00:00-0500,11,9,7,1
1011112,The Twelve,2012-02-02T14:22:33-0500,13,1,18,0
1009661,The Watchers,1969-12-31T19:00:00-0500,17,11,18,1
1011181,Thena,1969-12-31T19:00:00-0500,19,7,22,0
1009662,Thing,2016-05-26T10:23:39-0400,963,246,1220,23
1017313,Thing (Marvel Heroes),2013-09-18T10:52:18-0400,0,0,0,0
1010983,Thing (Ultimate),2010-12-08T15:01:38-0500,49,19,62,0
1009664,Thor,2020-03-11T10:18:57-0400,1910,564,2817,27
1017576,Thor (Goddess of Thunder),2014-11-17T17:48:24-0500,58,30,58,2
1017106,Thor (MAA),2013-09-18T15:49:30-0400,0,0,0,0
1017315,Thor (Marvel Heroes),2013-09-18T10:52:05-0400,0,0,0,0
1017328,Thor (Marvel War of Heroes),2013-09-18T10:57:41-0400,0,0,0,0
1017302,Thor (Marvel: Avengers Alliance),2013-09-18T10:15:49-0400,0,0,0,0
1011025,Thor (Ultimate),2014-03-05T13:58:19-0500,54,24,61,0
1010820,Thor Girl,2013-10-24T13:29:36-0400,16,3,19,4
1010885,Thunderball,1969-12-31T19:00:00-0500,14,10,13,1
1009666,Thunderbird (John Proudstar),2017-08-21T16:59:58-0400,37,22,34,2
1009667,Thunderbird (Neal Shaara),1969-12-31T19:00:00-0500,36,8,47,1
1009668,Thunderbolt (Bill Carver),1969-12-31T19:00:00-0500,1,1,1,0
1014812,Thunderbolt Ross,2013-08-20T21:16:17-0400,20,11,28,0
1010360,Thunderbolts,2013-01-22T14:10:08-0500,310,51,458,12
1011304,Thundra,1969-12-31T19:00:00-0500,16,11,20,2
1009669,Tiger Shark,1969-12-31T19:00:00-0500,25,16,32,1
1011237,Tiger's Beautiful Daughter,2011-05-26T17:53:29-0400,9,2,14,1
1009670,Tigra (Greer Nelson),2013-10-24T13:29:42-0400,148,49,170,12
1010857,Timeslip,1969-12-31T19:00:00-0500,4,1,4,0
1011345,Tinkerer,1969-12-31T19:00:00-0500,16,10,14,1
1011960,Tippy Toe,2017-08-24T16:56:33-0400,7,7,7,0
1010669,Titania,2016-05-25T12:03:41-0400,51,27,58,1
1009672,Titanium Man (Topolov),2013-11-20T17:24:25-0500,30,14,41,2
1009673,Toad,2014-06-27T11:37:47-0400,53,32,47,3
1009674,Toad Men,1969-12-31T19:00:00-0500,2,1,4,0
1011166,Tomas,1969-12-31T19:00:00-0500,0,0,0,0
1009675,Tombstone,2010-11-11T19:26:17-0500,60,23,71,0
1010328,Tomorrow Man,1969-12-31T19:00:00-0500,11,3,19,0
1009624,Tony Stark,2012-04-16T16:13:05-0400,48,30,60,4
1011309,Toro (Thomas Raymond),2011-09-21T13:42:59-0400,33,16,31,2
1009676,Toxin,1969-12-31T19:00:00-0500,10,4,15,0
1009692,Toxin (Eddie Brock),2013-12-26T14:25:51-0500,68,28,81,2
1010822,Trauma,2013-11-20T17:24:10-0500,19,2,25,4
1011978,Trevor Fitzroy,2021-08-17T13:03:46-0400,4,2,6,0
1010825,Triathlon,1969-12-31T19:00:00-0500,41,10,48,1
1009671,Trish Tilby,1969-12-31T19:00:00-0500,0,0,0,0
1010335,Triton,2013-11-20T17:27:21-0500,65,34,72,5
1011352,True Believers,1969-12-31T19:00:00-0500,5,1,5,0
1011047,Turbo,1969-12-31T19:00:00-0500,13,3,13,0
1009678,Tusk,1969-12-31T19:00:00-0500,6,3,7,0
1010852,Two-Gun Kid,2016-02-08T10:48:12-0500,135,7,459,0
1009679,Tyger Tiger,1969-12-31T19:00:00-0500,6,5,6,0
1010369,Typhoid Mary,2012-01-11T11:47:38-0500,54,23,65,2
1009680,Tyrannus,2011-05-24T16:32:42-0400,14,8,12,0
1011315,U-Foes,1969-12-31T19:00:00-0500,5,4,7,1
1009681,U-Go Girl,1969-12-31T19:00:00-0500,14,2,24,0
1009682,U.S. Agent,2014-04-29T14:14:29-0400,74,28,83,2
1009683,Uatu The Watcher,2013-12-26T14:55:54-0500,79,39,103,4
1010358,Ulik,2011-01-25T16:05:37-0500,46,13,50,1
1016825,Ultimate Spider-Man (USM),2016-06-02T16:41:54-0400,21,9,21,0
1010803,Ultimates,2011-05-17T17:26:18-0400,140,40,148,1
1009684,Ultimatum,1969-12-31T19:00:00-0500,17,9,18,0
1011311,Ultimo,1969-12-31T19:00:00-0500,7,3,12,0
1011125,Ultra-Adaptoid,1969-12-31T19:00:00-0500,1,1,1,0
1010847,Ultragirl (Earth-93060),2013-10-28T13:56:33-0400,1,1,1,0
1009685,Ultron,2013-10-18T17:32:22-0400,120,56,133,6
1009686,Umar,1969-12-31T19:00:00-0500,22,8,24,0
1010862,Unicorn,2012-07-18T16:51:16-0400,7,3,12,1
1010985,Union Jack (Brian Falsworth),1969-12-31T19:00:00-0500,4,3,4,0
1010696,Union Jack (Joseph Chapman),2011-02-17T18:05:22-0500,29,13,30,0
1010984,Union Jack (Montgomery Falsworth),1969-12-31T19:00:00-0500,19,4,18,0
1009687,Unus,1969-12-31T19:00:00-0500,12,10,8,1
1010987,Unus (Age of Apocalypse),2014-04-30T17:06:44-0400,1,1,1,1
1010988,Unus (House of M),1969-12-31T19:00:00-0500,0,0,0,0
1010986,Unus (Ultimate),1969-12-31T19:00:00-0500,0,0,0,0
1009525,Valeria Richards,2012-03-02T10:26:15-0500,82,16,89,4
1017841,Valkyrie (Exiles),2021-08-04T11:57:19-0400,12,1,12,0
1010350,Valkyrie (Samantha Parrington),2014-04-29T14:23:28-0400,17,14,18,1
1011239,Valkyrie (Ultimate),2014-03-05T13:58:33-0500,9,3,14,0
1011182,Vampiro,1969-12-31T19:00:00-0500,0,0,0,0
1011342,Vance Astro,1969-12-31T19:00:00-0500,39,5,60,0
1010989,Vanisher (Age of Apocalypse),2013-10-18T16:35:15-0400,0,0,0,0
1011365,Vanisher (Telford Porter),1969-12-31T19:00:00-0500,12,4,13,2
1009689,Vanisher (Ultimate),1969-12-31T19:00:00-0500,3,3,2,0
1011316,Vapor,1969-12-31T19:00:00-0500,0,0,0,0
1009690,Vargas,1969-12-31T19:00:00-0500,15,3,19,0
1010872,Vector,1969-12-31T19:00:00-0500,0,0,0,0
1011231,Veda,1969-12-31T19:00:00-0500,11,2,20,1
1009691,Vengeance (Michael Badilino),2014-04-29T14:10:10-0400,37,4,60,1
1009663,Venom (Flash Thompson),2016-05-25T12:51:24-0400,129,34,137,1
1010788,Venom (Mac Gargan),2014-03-05T13:58:37-0500,23,11,25,5
1011128,Venom (Ultimate),2014-03-05T13:58:42-0500,8,6,7,0
1011106,Venus (Siren),2016-02-03T10:22:35-0500,8,5,9,2
1009693,Venus Dee Milo,1969-12-31T19:00:00-0500,10,3,14,0
1010353,Vermin (Edward Whelan),2013-11-20T17:27:14-0500,15,6,19,2
1009694,Vertigo (Savage Land Mutate),1969-12-31T19:00:00-0500,28,15,25,3
1011066,Victor Mancha,1969-12-31T19:00:00-0500,9,7,8,0
1010324,Victor Von Doom,1969-12-31T19:00:00-0500,39,22,45,0
1011261,Vin Gonzales,1969-12-31T19:00:00-0500,4,1,4,0
1009695,Vindicator,2012-02-23T13:19:46-0500,30,11,34,2
1010666,Violations,1969-12-31T19:00:00-0500,0,0,0,0
1009696,Viper,2013-07-26T22:21:42-0400,51,24,48,1
1010697,Virginia Dare,1969-12-31T19:00:00-0500,7,1,7,0
1009697,Vision,2016-05-02T15:51:46-0400,579,167,658,15
1009698,Vivisector,1969-12-31T19:00:00-0500,16,4,20,0
1011011,Vulcan (Gabriel Summers),2013-11-20T17:27:10-0500,25,11,22,1
1009699,Vulture (Adrian Toomes),2017-01-31T11:10:36-0500,102,49,114,1
1010990,Vulture (Blackie Drago),1969-12-31T19:00:00-0500,1,1,1,0
1010849,Wallflower,1969-12-31T19:00:00-0500,10,1,19,0
1011267,Wallop,1969-12-31T19:00:00-0500,0,0,0,0
1009700,Wallow,1969-12-31T19:00:00-0500,0,0,0,0
1009701,War (Abraham Kieros),1969-12-31T19:00:00-0500,13,5,13,2
1017322,War Machine (Iron Man 3 - The Official Game),2013-09-18T11:06:14-0400,0,0,0,0
1017834,War Machine (James Rhodes),2021-08-05T18:41:02-0400,115,29,132,4
1017304,War Machine (Marvel: Avengers Alliance),2013-09-18T10:15:32-0400,0,0,0,0
1010991,War Machine (Parnell Jacobs),2014-04-29T14:14:41-0400,1,1,1,0
1011226,War Machine (Ultimate),1969-12-31T19:00:00-0500,3,2,3,1
1009703,Warbird,1969-12-31T19:00:00-0500,32,9,34,3
1011121,Warbound,2014-05-01T14:11:10-0400,5,2,5,0
1010372,Warhawk (Mitchell Tanner),1969-12-31T19:00:00-0500,8,7,8,0
1009704,Warlock (Janie Chin),1969-12-31T19:00:00-0500,0,0,0,0
1011287,Warlock (Technarchy),2011-07-14T14:28:15-0400,30,13,38,5
1009705,Warpath,2013-10-22T12:22:42-0400,221,48,262,5
1010668,Warren Worthington III,1969-12-31T19:00:00-0500,6,2,6,0
1009706,Warstar,1969-12-31T19:00:00-0500,9,6,5,1
1009707,Wasp,2016-02-29T10:44:27-0500,434,169,492,14
1010992,Wasp (Ultimate),1969-12-31T19:00:00-0500,28,12,35,0
1017853,Wave (Wave),2021-08-27T17:43:56-0400,16,4,16,0
1011133,Weapon Omega,2010-11-18T15:57:10-0500,9,5,10,1
1009709,Weapon X,1969-12-31T19:00:00-0500,52,21,54,1
1011402,Wendell Rand,1969-12-31T19:00:00-0500,6,1,6,0
1010742,Wendell Vaughn,1969-12-31T19:00:00-0500,0,0,0,0
1009710,Wendigo,2011-05-24T16:45:41-0400,23,11,29,0
1010765,Werewolf By Night,1969-12-31T19:00:00-0500,96,36,108,0
1011588,Whiplash (Anton Vanko),2021-08-19T00:05:03-0400,5,3,5,0
1009711,Whiplash (Mark Scarlotti),2011-07-07T21:03:52-0400,12,7,14,0
1010348,Whirlwind,2012-03-20T16:54:18-0400,33,21,34,1
1010342,Whistler,1969-12-31T19:00:00-0500,0,0,0,0
1009712,White Queen (Adrienne Frost),1969-12-31T19:00:00-0500,0,0,0,0
1010853,White Tiger (Angela Del Toro),1969-12-31T19:00:00-0500,51,12,54,5
1016838,White Tiger (USM),2013-09-18T15:44:30-0400,0,0,0,0
1011425,Whizzer (Stanley Stewart),1969-12-31T19:00:00-0500,2,1,2,0
1009714,Wiccan,2011-09-19T16:21:04-0400,82,41,83,4
1009715,Wild Child,1969-12-31T19:00:00-0500,49,17,48,1
1010994,Wild Child (Age of Apocalypse),2013-11-20T17:27:05-0500,8,3,7,1
1011067,Wild Pack,1969-12-31T19:00:00-0500,8,4,7,0
1009716,Wildside,1969-12-31T19:00:00-0500,19,6,19,0
1009633,William Stryker,2011-10-19T11:42:18-0400,11,5,15,0
1010680,Wilson Fisk,2015-03-25T19:29:04-0400,0,0,0,0
1011009,Wind Dancer,1969-12-31T19:00:00-0500,17,3,32,1
1010740,Winter Soldier,2016-05-02T15:42:32-0400,228,112,245,11
1011043,Wither,1969-12-31T19:00:00-0500,11,3,17,0
1011290,Wolf Cub,1969-12-31T19:00:00-0500,0,0,0,0
1011281,Wolfpack,1969-12-31T19:00:00-0500,14,4,14,0
1009717,Wolfsbane,2016-02-08T11:05:36-0500,137,36,164,6
1010995,Wolfsbane (Age of Apocalypse),2013-11-20T17:27:01-0500,1,1,1,0
1010729,Wolver-dok,1969-12-31T19:00:00-0500,0,0,0,0
1009718,Wolverine,2016-05-02T12:21:44-0400,2746,756,3774,44
1017297,Wolverine (LEGO Marvel Super Heroes),2013-09-18T11:16:20-0400,0,0,0,0
1017325,Wolverine (Marvel War of Heroes),2013-09-18T10:58:44-0400,0,0,0,0
1011006,Wolverine (Ultimate),2014-03-05T13:58:52-0500,99,26,146,0
1017479,Wolverine (X-Men: Battle of the Atom),2014-01-15T19:44:36-0500,0,0,0,0
1009719,Wonder Man,2011-08-09T14:58:20-0400,270,97,324,8
1009720,Wong,1969-12-31T19:00:00-0500,108,36,117,3
1015005,Wong (Ultimate),2012-07-11T11:23:58-0400,3,2,2,0
1010737,Wraith,1969-12-31T19:00:00-0500,14,7,17,2
1010884,Wrecker,2011-04-27T10:33:12-0400,12,9,14,1
1010883,Wrecking Crew,2013-11-20T17:26:57-0500,16,11,17,1
1009722,X-23,2016-02-11T11:38:11-0500,292,74,307,5
1010804,X-51,1969-12-31T19:00:00-0500,0,0,0,0
1011418,X-Babies,1969-12-31T19:00:00-0500,14,6,15,0
1009723,X-Cutioner,1969-12-31T19:00:00-0500,4,4,5,0
1010738,X-Factor,2016-02-11T12:19:50-0500,221,46,278,10
1010739,X-Factor Investigations,2013-11-20T17:26:52-0500,14,1,27,0
1009724,X-Force,2016-02-10T16:13:08-0500,374,52,585,8
1009725,X-Man,2014-04-29T14:14:20-0400,113,33,209,5
1009726,X-Men,2017-01-24T15:44:42-0500,4099,1040,5786,43
1011109,X-Men (Ultimate),2016-02-10T16:46:02-0500,195,29,319,0
1010875,X-Ray (James Darnell),1969-12-31T19:00:00-0500,0,0,0,0
1010806,X-Statix,1969-12-31T19:00:00-0500,46,10,55,1
1009732,X.S.E.,1969-12-31T19:00:00-0500,0,0,0,0
1011094,Xavin,1969-12-31T19:00:00-0500,8,3,8,0
1009734,Xorn (Kuan-Yin Xorn),1969-12-31T19:00:00-0500,22,11,27,1
1009736,Yellow Claw,1969-12-31T19:00:00-0500,22,10,31,0
1009737,Yellowjacket (Hank Pym),2021-08-13T00:11:11-0400,90,24,92,6
1010996,Yellowjacket (Rita DeMara),2014-06-11T15:06:35-0400,9,4,9,1
1011542,Yondu,2021-08-12T22:29:51-0400,58,14,80,1
1010698,Young Avengers,2013-01-22T14:13:43-0500,81,26,85,4
1011277,Young X-Men,1969-12-31T19:00:00-0500,18,2,26,0
1009738,Zaladane,1969-12-31T19:00:00-0500,15,11,11,1
1010841,Zaran,1969-12-31T19:00:00-0500,22,5,30,1
1010716,Zarda,1969-12-31T19:00:00-0500,3,3,2,0
1011163,Zarek,1969-12-31T19:00:00-0500,0,0,0,0
1009739,Zeigeist,1969-12-31T19:00:00-0500,0,0,0,0
1010780,Zemo,1969-12-31T19:00:00-0500,15,9,12,1
1011515,Zeus,2021-08-18T22:06:56-0400,36,13,43,0
1011127,Zodiak,1969-12-31T19:00:00-0500,1,1,1,0
1009741,Zombie (Simon Garth),1969-12-31T19:00:00-0500,1,1,1,0
1011183,Zuras,1969-12-31T19:00:00-0500,3,3,3,0
1009742,Zzzax,2013-12-17T18:35:54-0500,5,4,6,0
